
{
    "debug" : false,
    "debugCamera" : false,
    "debugModel" : "Vehicle",
    "debugSpeed" : 1,
    "debugLighting" : false,
    "showDebugPanel" : false,
    
    "id": 2,
        
    "baseUrl" : "level_2/",
    
    "mainLightPos" : { "x": 50, "y": 80, "z": 0 },
    "mainLightColor" : "0xbbddff",
    "mainLightIntensity" : 1,
    "mainLightShadowOpacity" : 0.9,
    "mainLightShadowWindow" : 60,
    "mainLightShadowNear" : 20,
    "mainLightShadowFar" : 140,
    
    "rimLightPos" : { "x": -100, "y": 0, "z": -50 },
    "rimLightColor" : "0x192d60",
    
    "ambientColor" : "0x112233",
    "fogColor" : "0x82C9FF",
    
    "aoIntensity": 1,
    
    "skyboxUrl" : "skybox/skybox",
    
    "textures" :
    [
    ],
        
    "materials" :
    [
        {
            "name" : "standard_brick",
            "type" : "TransparentMaterial",
            "file" : "standard_brick",
            "transparent" : false,
            "side" : "front"
        },
        {
            "name" : "golden_brick",
            "type" : "LandscapeMaterial",
            "file" : "golden_brick",
            "transparent" : false,
            "side" : "front"
        },
        {
            "name" : "magnet",
            "type" : "DeNormMaterial",
            "file" : "magnet",
            "transparent" : false,
            "side" : "front"
        },
        {
            "name" : "hourglass",
            "type" : "LandscapeMaterial",
            "file" : "hourglass",
            "transparent" : false,
            "side" : "front"
        },
        {
            "name" : "vehicle_brick",
            "type" : "LandscapeMaterial",
            "file" : "vehicle_brick",
            "transparent" : false,
            "side" : "front"
        },
        {
            "name" : "ground",
            "type" : "DeNormMaterial",
            "file" : "ground",
            "transparent" : false,
            "side" : "front",
            "normalScale" : 1.5
        },
        {
            "name" : "ice_tooth",
            "type" : "DeNormMaterial",
            "file" : "ice_tooth",
            "transparent" : false,
            "side" : "front",
            "normalScale" : 1
        },
        {
            "name" : "snow_mountain",
            "type" : "DeNormMaterial",
            "file" : "snow_mountain",
            "transparent" : false,
            "side" : "front",
            "normalScale" : 1
        },
        {
            "name" : "lab_door",
            "type" : "DeNormMaterial",
            "file" : "lab_door",
            "transparent" : false,
            "side" : "front",
            "normalScale" : 1
        },        
        {
            "name" : "snow_mountain_cave",
            "type" : "DeNormMaterial",
            "file" : "snow_mountain_cave",
            "transparent" : false,
            "side" : "front",
            "normalScale" : 2
        },        
        {
            "name" : "lab_interior",
            "type" : "UnlitEnvMaterial",
            "file" : "lab_interior",
            "transparent" : false,
            "side" : "front",
            "normalScale" : 1
        },        
        {
            "name" : "lab_cave_wall",
            "type" : "UnlitEnvMaterial",
            "file" : "lab_cave_wall",
            "transparent" : false,
            "side" : "front",
            "normalScale" : 1           
        },
        {
            "name" : "ninjago_city",
            "type" : "UnlitMaterial",
            "file" : "ninjago_city",
            "transparent" : true,
            "side" : "double",
            "horizon" : 0
        }
    ],
    
    "blockLookAt" :
    [
        [ 1, 1, 1, 0.8, 1, 1, 1 ],
        [ 1, 1, 1, 1, 1, 1 ],
        [ 1, 1, 1, 1, 1 ],
        [ 0.01, 0.01, 0.01, 0.01, 0.01 ],
        [ 1, 1, 1, 1, 1 ],
        [ 1, 1, 1, 1, 1 ],
        [ 1, 1, 1, 1, 1, 1, 1 ]
    ],
    
    "blockSpeeds" :
    [
        [ 1, 1, 1, 1, 1, 1, 1 ],
        [ 1, 0.8, 0.8, 0.8, 0.8, 0.8 ],
        [ 1, 1, 1, 1, 1 ],
        [ 1, 1, 1, 0.7, 1 ],
        [ 1, 1, 1, 1, 1 ],
        [ 1, 1, 1, 1, 1 ],
        [ 1, 1, 1, 1, 1, 1, 1 ]
    ],
       
    "blockOrder" :
    [
        [],
        [],
        [],
        [],
        [],
        [],
        [ 0, 1, 2, 3, 4, 5, 6 ]
    ],
   
    "startBlock": 0,
    "startPos" : 0
}