{
	"root":"_HOME",
	"fps":30,
	"library":
	[
		{
			"name":"button_intro_light.png",
			"type":"bmp"
		},
		{
			"name":"button_intro_light",
			"type":"mc",
			"frameCount":1,
			"children":
			[
				{
					"name":"button_intro_light.png",
					"type":"bmp",
					"frames":
					[
						{
							"t":0,
							"v":1,
							"x":-111,
							"y":-122,
							"sx":2,
							"sy":2
						}
					]
				}
			]
		},
		{
			"name":"button_intro.png",
			"type":"bmp"
		},
		{
			"name":"button_intro",
			"type":"mc",
			"labels":
			[
				{
					"t":1,
					"id":"OVER"
				},
				{
					"t":10,
					"id":"OUT"
				}
			],
			"scripts":
			[
				{
					"t":0,
					"c":"stop"
				},
				{
					"t":9,
					"c":"stop"
				}
			],
			"frameCount":15,
			"children":
			[
				{
					"name":"button_intro_light",
					"type":"mc",
					"frames":
					[
						{
							"t":0,
							"v":0
						},
						{
							"t":1,
							"v":1,
							"ease":100,
							"a":0
						},
						{
							"t":9,
							"v":1,
							"ease":0
						},
						{
							"t":14,
							"v":1,
							"a":0
						}
					]
				},
				{
					"name":"button_intro.png",
					"type":"bmp",
					"frames":
					[
						{
							"t":0,
							"v":1,
							"x":-106,
							"y":-120,
							"sx":1.9999,
							"sy":1.9999
						}
					]
				}
			]
		},
		{
			"name":"button_light_band.png",
			"type":"bmp"
		},
		{
			"name":"button_light_band",
			"type":"mc",
			"frameCount":1,
			"children":
			[
				{
					"name":"button_light_band.png",
					"type":"bmp",
					"frames":
					[
						{
							"t":0,
							"v":1,
							"x":-246,
							"y":-252,
							"sx":2,
							"sy":2
						}
					]
				}
			]
		},
		{
			"name":"icon_play.png",
			"type":"bmp"
		},
		{
			"name":"button_plain.png",
			"type":"bmp"
		},
		{
			"name":"Start_Button",
			"type":"mc",
			"frameCount":60,
			"children":
			[
				{
					"name":"button_light_band",
					"type":"mc",
					"frames":
					[
						{
							"t":0,
							"v":1,
							"ease":-100,
							"a":20
						},
						{
							"t":14,
							"v":1,
							"ease":100,
							"a":60
						},
						{
							"t":29,
							"v":1,
							"ease":-100
						},
						{
							"t":44,
							"v":1,
							"ease":100,
							"a":60
						},
						{
							"t":59,
							"v":1,
							"ease":-100,
							"a":20
						}
					]
				},
				{
					"name":"icon_play.png",
					"type":"bmp",
					"frames":
					[
						{
							"t":0,
							"v":1,
							"x":-46,
							"y":-69,
							"sx":2,
							"sy":2
						}
					]
				},
				{
					"name":"button_plain.png",
					"type":"bmp",
					"frames":
					[
						{
							"t":0,
							"v":1,
							"x":-146,
							"y":-164,
							"sx":2,
							"sy":2
						}
					]
				}
			]
		},
		{
			"name":"Kai.png",
			"type":"bmp"
		},
		{
			"name":"Kai",
			"type":"mc",
			"frameCount":1,
			"children":
			[
				{
					"name":"Kai.png",
					"type":"bmp",
					"frames":
					[
						{
							"t":0,
							"v":1,
							"x":-340,
							"y":-477,
							"sx":2,
							"sy":2
						}
					]
				}
			]
		},
		{
			"name":"Cole.png",
			"type":"bmp"
		},
		{
			"name":"Cole",
			"type":"mc",
			"frameCount":1,
			"children":
			[
				{
					"name":"Cole.png",
					"type":"bmp",
					"frames":
					[
						{
							"t":0,
							"v":1,
							"x":-320,
							"y":-446,
							"sx":2,
							"sy":2
						}
					]
				}
			]
		},
		{
			"name":"Zane.png",
			"type":"bmp"
		},
		{
			"name":"Zane",
			"type":"mc",
			"frameCount":1,
			"children":
			[
				{
					"name":"Zane.png",
					"type":"bmp",
					"frames":
					[
						{
							"t":0,
							"v":1,
							"x":-220,
							"y":-376,
							"sx":2,
							"sy":2
						}
					]
				}
			]
		},
		{
			"name":"Sparks.png",
			"type":"bmp"
		},
		{
			"name":"Sparks",
			"type":"mc",
			"frameCount":1,
			"children":
			[
				{
					"name":"Sparks.png",
					"type":"bmp",
					"frames":
					[
						{
							"t":0,
							"v":1,
							"x":-82.5,
							"y":-72
						}
					]
				}
			]
		},
		{
			"name":"Logo_Shine.png",
			"type":"bmp"
		},
		{
			"name":"Logo_Shine",
			"type":"mc",
			"frameCount":1,
			"children":
			[
				{
					"name":"Logo_Shine.png",
					"type":"bmp",
					"frames":
					[
						{
							"t":0,
							"v":1,
							"x":-669,
							"y":-190,
							"sx":1.7199,
							"sy":1.7199
						}
					]
				}
			]
		},
		{
			"name":"Logo_06.png",
			"type":"bmp"
		},
		{
			"name":"Logo_06",
			"type":"mc",
			"frameCount":1,
			"children":
			[
				{
					"name":"Logo_06.png",
					"type":"bmp",
					"frames":
					[
						{
							"t":0,
							"v":1,
							"x":-96,
							"y":-9
						}
					]
				}
			]
		},
		{
			"name":"Logo_05.png",
			"type":"bmp"
		},
		{
			"name":"Logo_05",
			"type":"mc",
			"frameCount":1,
			"children":
			[
				{
					"name":"Logo_05.png",
					"type":"bmp",
					"frames":
					[
						{
							"t":0,
							"v":1,
							"x":-52,
							"y":-52
						}
					]
				}
			]
		},
		{
			"name":"Logo_04.png",
			"type":"bmp"
		},
		{
			"name":"Logo_04",
			"type":"mc",
			"frameCount":1,
			"children":
			[
				{
					"name":"Logo_04.png",
					"type":"bmp",
					"frames":
					[
						{
							"t":0,
							"v":1,
							"x":-65,
							"y":-39
						}
					]
				}
			]
		},
		{
			"name":"Logo_03.png",
			"type":"bmp"
		},
		{
			"name":"Logo_03",
			"type":"mc",
			"frameCount":1,
			"children":
			[
				{
					"name":"Logo_03.png",
					"type":"bmp",
					"frames":
					[
						{
							"t":0,
							"v":1,
							"x":-52,
							"y":-53
						}
					]
				}
			]
		},
		{
			"name":"Logo_02.png",
			"type":"bmp"
		},
		{
			"name":"Logo_02",
			"type":"mc",
			"frameCount":1,
			"children":
			[
				{
					"name":"Logo_02.png",
					"type":"bmp",
					"frames":
					[
						{
							"t":0,
							"v":1,
							"x":-61,
							"y":-52
						}
					]
				}
			]
		},
		{
			"name":"Logo_01.png",
			"type":"bmp"
		},
		{
			"name":"Logo_01",
			"type":"mc",
			"frameCount":1,
			"children":
			[
				{
					"name":"Logo_01.png",
					"type":"bmp",
					"frames":
					[
						{
							"t":0,
							"v":1,
							"x":-65,
							"y":-65
						}
					]
				}
			]
		},
		{
			"name":"Logo_Complete.png",
			"type":"bmp"
		},
		{
			"name":"Logo_Complete",
			"type":"mc",
			"frameCount":61,
			"children":
			[
				{
					"name":"Logo_Shine",
					"type":"mc",
					"frames":
					[
						{
							"t":0,
							"v":1,
							"ease":-100,
							"sx":0.9,
							"sy":0.9,
							"a":0
						},
						{
							"t":15,
							"v":1,
							"ease":100,
							"sx":0.95,
							"sy":0.9499,
							"a":25
						},
						{
							"t":30,
							"v":1,
							"ease":-100,
							"sy":0.9999,
							"a":50
						},
						{
							"t":45,
							"v":1,
							"ease":100,
							"sx":0.95,
							"sy":0.9499,
							"a":25
						},
						{
							"t":60,
							"v":1,
							"ease":-100,
							"sx":0.9,
							"sy":0.9,
							"a":0
						}
					]
				},
				{
					"name":"Logo_Complete.png",
					"type":"bmp",
					"frames":
					[
						{
							"t":0,
							"v":1,
							"x":-346,
							"y":-123
						}
					]
				}
			]
		},
		{
			"name":"EN_game_title",
			"type":"bmp"
		},
		{
			"name":"level_select_bg.png",
			"type":"bmp"
		},
		{
			"name":"Logo_Bg",
			"type":"mc",
			"frameCount":1,
			"children":
			[
				{
					"name":"EN_game_title",
					"type":"bmp",
					"frames":
					[
						{
							"t":0,
							"v":1,
							"x":-305,
							"y":-2,
							"sx":1.0499,
							"sy":1.0499
						}
					]
				},
				{
					"name":"level_select_bg.png",
					"type":"bmp",
					"frames":
					[
						{
							"t":0,
							"v":1,
							"x":-96,
							"y":-207,
							"sx":2,
							"sy":2.6999
						}
					]
				},
				{
					"name":"level_select_bg.png",
					"type":"bmp",
					"frames":
					[
						{
							"t":0,
							"v":1,
							"x":-1.8,
							"y":-207,
							"sx":1.5999,
							"sy":2.6999,
							"sky":180
						}
					]
				}
			]
		},
		{
			"name":"Chen.png",
			"type":"bmp"
		},
		{
			"name":"chen",
			"type":"mc",
			"frameCount":1,
			"children":
			[
				{
					"name":"Chen.png",
					"type":"bmp",
					"frames":
					[
						{
							"t":0,
							"v":1,
							"x":-295,
							"y":-437,
							"sx":2,
							"sy":2
						}
					]
				}
			]
		},
		{
			"name":"Bg_Shine",
			"type":"mc",
			"frameCount":1,
			"children":
			[
				{
					"name":"Logo_Shine.png",
					"type":"bmp",
					"frames":
					[
						{
							"t":0,
							"v":1,
							"x":109.95,
							"y":-400,
							"sy":0.9998,
							"skx":89.99,
							"sky":90
						}
					]
				}
			]
		},
		{
			"name":"Wu.png",
			"type":"bmp"
		},
		{
			"name":"Wu",
			"type":"mc",
			"frameCount":1,
			"children":
			[
				{
					"name":"Wu.png",
					"type":"bmp",
					"frames":
					[
						{
							"t":0,
							"v":1,
							"x":-228,
							"y":-386,
							"sx":2,
							"sy":2
						}
					]
				}
			]
		},
		{
			"name":"_INTRO",
			"type":"mc",
			"scripts":
			[
				{
					"t":48,
					"c":"stop"
				}
			],
			"frameCount":49,
			"children":
			[
				{
					"name":"button_intro",
					"type":"mc",
					"frames":
					[
						{
							"t":0,
							"v":0
						},
						{
							"t":39,
							"v":1,
							"ease":100,
							"x":-274.95,
							"y":714.95,
							"sx":0.1,
							"sy":0.1
						},
						{
							"t":44,
							"v":1,
							"x":-275,
							"y":715
						}
					]
				},
				{
					"name":"Start_Button",
					"type":"mc",
					"frames":
					[
						{
							"t":0,
							"v":0
						},
						{
							"t":34,
							"v":1,
							"ease":100,
							"y":714.95,
							"sx":0.1,
							"sy":0.1
						},
						{
							"t":39,
							"v":1,
							"y":715
						}
					]
				},
				{
					"name":"Kai",
					"type":"mc",
					"frames":
					[
						{
							"t":0,
							"v":0
						},
						{
							"t":13,
							"v":1,
							"ease":100,
							"x":-2.4,
							"y":-232.95,
							"sx":0.1,
							"sy":0.1,
							"a":0
						},
						{
							"t":23,
							"v":1,
							"x":-101,
							"y":327
						}
					]
				},
				{
					"name":"Cole",
					"type":"mc",
					"frames":
					[
						{
							"t":0,
							"v":0
						},
						{
							"t":15,
							"v":1,
							"ease":100,
							"x":-29.1,
							"y":-305.85,
							"sx":0.1,
							"sy":0.1
						},
						{
							"t":27,
							"v":1,
							"x":-368,
							"y":98
						}
					]
				},
				{
					"name":"Zane",
					"type":"mc",
					"frames":
					[
						{
							"t":0,
							"v":0
						},
						{
							"t":17,
							"v":1,
							"ease":100,
							"x":36.35,
							"y":-297.75,
							"sx":0.1,
							"sy":0.1
						},
						{
							"t":31,
							"v":1,
							"x":287,
							"y":179
						}
					]
				},
				{
					"name":"Sparks",
					"type":"mc",
					"frames":
					[
						{
							"t":0,
							"v":0
						},
						{
							"t":16,
							"v":1,
							"ease":100,
							"x":393.5,
							"y":-259.95,
							"skx":-20,
							"sky":-20
						},
						{
							"t":28,
							"v":1,
							"x":468.55,
							"y":-85,
							"sx":2,
							"sy":2,
							"skx":-10,
							"sky":-10,
							"a":0
						},
						{
							"t":29,
							"v":0
						}
					]
				},
				{
					"name":"Sparks",
					"type":"mc",
					"frames":
					[
						{
							"t":0,
							"v":0
						},
						{
							"t":13,
							"v":1,
							"ease":100,
							"x":168.5,
							"y":-334.95,
							"skx":-20,
							"sky":-20
						},
						{
							"t":25,
							"v":1,
							"x":268.55,
							"y":-85,
							"sx":2,
							"sy":2,
							"skx":-10,
							"sky":-10,
							"a":0
						},
						{
							"t":26,
							"v":0
						}
					]
				},
				{
					"name":"Sparks",
					"type":"mc",
					"frames":
					[
						{
							"t":0,
							"v":0
						},
						{
							"t":9,
							"v":1,
							"ease":80,
							"x":-106.55,
							"y":-335.05,
							"skx":170,
							"sky":170
						},
						{
							"t":14,
							"v":1,
							"ease":-50,
							"x":-206.55,
							"y":-384.95,
							"sx":1.4999,
							"sy":1.4999,
							"skx":90,
							"sky":90
						},
						{
							"t":21,
							"v":1,
							"x":-381.4,
							"y":-334.85,
							"sx":1.9999,
							"sy":1.9999,
							"skx":40,
							"sky":40,
							"a":0
						},
						{
							"t":22,
							"v":0
						}
					]
				},
				{
					"name":"Logo_Shine",
					"type":"mc",
					"frames":
					[
						{
							"t":0,
							"v":1,
							"ease":100,
							"y":-324.95,
							"a":0
						},
						{
							"t":9,
							"v":1,
							"ease":100,
							"x":-60,
							"y":-336.2,
							"sx":4,
							"sy":3.9999,
							"a":50
						},
						{
							"t":29,
							"v":1,
							"y":-364.7,
							"sx":1.5,
							"sy":1.4999,
							"a":0
						},
						{
							"t":30,
							"v":0
						}
					]
				},
				{
					"name":"Logo_Shine",
					"type":"mc",
					"frames":
					[
						{
							"t":0,
							"v":0
						},
						{
							"t":18,
							"v":1,
							"ease":0,
							"y":-354.95,
							"a":0
						},
						{
							"t":21,
							"v":1,
							"ease":-100,
							"y":-354.85
						},
						{
							"t":34,
							"v":1,
							"ease":100,
							"y":-354.9,
							"sy":0.9999,
							"a":50
						},
						{
							"t":48,
							"v":1,
							"y":-354.9,
							"sx":0.9,
							"sy":0.9,
							"a":0
						}
					]
				},
				{
					"name":"Logo_06",
					"type":"mc",
					"frames":
					[
						{
							"t":0,
							"v":1,
							"x":95,
							"y":-300,
							"sx":0.63,
							"sy":0.63
						},
						{
							"t":7,
							"v":1,
							"ease":100,
							"x":95,
							"y":-300,
							"sx":0.63,
							"sy":0.63
						},
						{
							"t":18,
							"v":1,
							"ease":-50,
							"x":638.5,
							"y":-148.5,
							"sx":4,
							"sy":4
						},
						{
							"t":25,
							"v":1,
							"x":172,
							"y":-309
						},
						{
							"t":26,
							"v":0
						}
					]
				},
				{
					"name":"Logo_05",
					"type":"mc",
					"frames":
					[
						{
							"t":0,
							"v":1,
							"x":159,
							"y":-327,
							"sx":0.63,
							"sy":0.63
						},
						{
							"t":6,
							"v":1,
							"ease":100,
							"x":159,
							"y":-327,
							"sx":0.63,
							"sy":0.63
						},
						{
							"t":16,
							"v":1,
							"ease":-100,
							"x":1038.5,
							"y":-324.5,
							"sx":4,
							"sy":4
						},
						{
							"t":23,
							"v":1,
							"x":272,
							"y":-353
						},
						{
							"t":26,
							"v":0
						}
					]
				},
				{
					"name":"Logo_04",
					"type":"mc",
					"frames":
					[
						{
							"t":0,
							"v":1,
							"x":78.95,
							"y":-335,
							"sx":0.63,
							"sy":0.63
						},
						{
							"t":5,
							"v":1,
							"ease":100,
							"x":78.95,
							"y":-335,
							"sx":0.63,
							"sy":0.63
						},
						{
							"t":14,
							"v":1,
							"ease":-100,
							"x":534.5,
							"y":-372.5,
							"sx":4,
							"sy":4
						},
						{
							"t":21,
							"v":1,
							"x":146,
							"y":-365
						},
						{
							"t":26,
							"v":0
						}
					]
				},
				{
					"name":"Logo_03",
					"type":"mc",
					"frames":
					[
						{
							"t":0,
							"v":1,
							"x":7.95,
							"y":-327.95,
							"sx":0.63,
							"sy":0.63
						},
						{
							"t":4,
							"v":1,
							"ease":100,
							"x":7.95,
							"y":-327.95,
							"sx":0.63,
							"sy":0.63
						},
						{
							"t":12,
							"v":1,
							"ease":-100,
							"x":90.5,
							"y":-328.5,
							"sx":4,
							"sy":4
						},
						{
							"t":19,
							"v":1,
							"x":35,
							"y":-354
						},
						{
							"t":26,
							"v":0
						}
					]
				},
				{
					"name":"Logo_02",
					"type":"mc",
					"frames":
					[
						{
							"t":0,
							"v":1,
							"x":-70,
							"y":-327,
							"sx":0.63,
							"sy":0.63
						},
						{
							"t":2,
							"v":1,
							"ease":100,
							"x":-70,
							"y":-327,
							"sx":0.63,
							"sy":0.63
						},
						{
							"t":10,
							"v":1,
							"ease":-100,
							"x":-401.5,
							"y":-320.5,
							"sx":4,
							"sy":4
						},
						{
							"t":17,
							"v":1,
							"x":-88,
							"y":-352
						},
						{
							"t":26,
							"v":0
						}
					]
				},
				{
					"name":"Logo_01",
					"type":"mc",
					"frames":
					[
						{
							"t":0,
							"v":1,
							"ease":100,
							"x":-157.85,
							"y":-330.85,
							"sx":0.6299,
							"sy":0.63
						},
						{
							"t":8,
							"v":1,
							"ease":-100,
							"x":-953.5,
							"y":-344.5,
							"sx":4,
							"sy":4
						},
						{
							"t":15,
							"v":1,
							"x":-226,
							"y":-358
						},
						{
							"t":26,
							"v":0
						}
					]
				},
				{
					"name":"Logo_Complete",
					"type":"mc",
					"frames":
					[
						{
							"t":0,
							"v":0
						},
						{
							"t":26,
							"v":1,
							"y":-355
						}
					]
				},
				{
					"name":"Logo_Bg",
					"type":"mc",
					"frames":
					[
						{
							"t":0,
							"v":0
						},
						{
							"t":17,
							"v":1,
							"ease":100,
							"x":0.95,
							"y":-284.95,
							"sx":0.1,
							"sy":0.1
						},
						{
							"t":22,
							"v":1,
							"x":1,
							"y":-275
						}
					]
				},
				{
					"name":"chen",
					"type":"mc",
					"frames":
					[
						{
							"t":0,
							"v":0
						},
						{
							"t":13,
							"v":1,
							"ease":100,
							"y":-359.95,
							"sx":0.1,
							"sy":0.1,
							"a":0
						},
						{
							"t":25,
							"v":1,
							"y":-510
						}
					]
				},
				{
					"name":"Bg_Shine",
					"type":"mc",
					"frames":
					[
						{
							"t":0,
							"v":0
						},
						{
							"t":13,
							"v":1,
							"ease":0,
							"y":-284.65,
							"sx":6.9995,
							"a":0
						},
						{
							"t":25,
							"v":1,
							"y":-284.65,
							"sx":6.9995
						}
					]
				},
				{
					"name":"Wu",
					"type":"mc",
					"frames":
					[
						{
							"t":0,
							"v":0
						},
						{
							"t":19,
							"v":1,
							"ease":100,
							"x":25.85,
							"y":-363.1,
							"sx":0.1,
							"sy":0.1
						},
						{
							"t":29,
							"v":1,
							"x":317.8,
							"y":-486.85,
							"sx":0.7,
							"sy":0.7,
							"skx":7,
							"sky":7
						}
					]
				}
			]
		},
		{
			"name":"loading_bar_png",
			"type":"bmp"
		},
		{
			"name":"loading_bar_progress",
			"type":"mc",
			"frameCount":1,
			"children":
			[
				{
					"name":"loading_bar_png",
					"type":"bmp",
					"frames":
					[
						{
							"t":0,
							"v":1,
							"x":-370,
							"y":-31,
							"sx":1.6087
						}
					]
				}
			]
		},
		{
			"name":"txt_loading_png",
			"type":"bmp"
		},
		{
			"name":"edge_light",
			"type":"bmp"
		},
		{
			"name":"edge_dark",
			"type":"bmp"
		},
		{
			"name":"loading_bar",
			"type":"mc",
			"frameCount":1,
			"children":
			[
				{
					"name":"loading_bar_progress",
					"type":"mc",
					"frames":
					[
						{
							"t":0,
							"v":1
						}
					]
				},
				{
					"name":"txt_loading_png",
					"type":"bmp",
					"frames":
					[
						{
							"t":0,
							"v":1,
							"x":-160,
							"sx":2,
							"sy":2
						}
					]
				},
				{
					"name":"edge_light",
					"type":"bmp",
					"frames":
					[
						{
							"t":0,
							"v":1,
							"x":340,
							"y":6,
							"sx":1.6999,
							"sy":0.5,
							"skx":180,
							"sky":180
						}
					]
				},
				{
					"name":"edge_light",
					"type":"bmp",
					"frames":
					[
						{
							"t":0,
							"v":1,
							"x":-340,
							"y":6,
							"sx":1.7001,
							"sy":0.5,
							"skx":180
						}
					]
				},
				{
					"name":"edge_dark",
					"type":"bmp",
					"frames":
					[
						{
							"t":0,
							"v":1,
							"x":-340,
							"y":-9,
							"sx":1.7,
							"sy":0.5
						}
					]
				},
				{
					"name":"edge_dark",
					"type":"bmp",
					"frames":
					[
						{
							"t":0,
							"v":1,
							"x":341,
							"y":-9,
							"sx":1.7,
							"sy":0.5,
							"sky":180
						}
					]
				}
			]
		},
		{
			"name":"EN_level_0_title",
			"type":"bmp"
		},
		{
			"name":"Star.png",
			"type":"bmp"
		},
		{
			"name":"star",
			"type":"mc",
			"frameCount":1,
			"children":
			[
				{
					"name":"Star.png",
					"type":"bmp",
					"frames":
					[
						{
							"t":0,
							"v":1,
							"x":-70,
							"y":-70.5
						}
					]
				}
			]
		},
		{
			"name":"Digits.png",
			"type":"bmp"
		},
		{
			"name":"digit_1",
			"type":"mc",
			"scripts":
			[
				{
					"t":0,
					"c":"stop"
				}
			],
			"frameCount":10,
			"children":
			[
				{
					"name":"Digits.png",
					"type":"bmp",
					"frames":
					[
						{
							"t":0,
							"v":1
						},
						{
							"t":1,
							"v":1,
							"y":-66
						},
						{
							"t":2,
							"v":1,
							"y":-132
						},
						{
							"t":3,
							"v":1,
							"y":-198
						},
						{
							"t":4,
							"v":1,
							"y":-264
						},
						{
							"t":5,
							"v":1,
							"y":-330
						},
						{
							"t":6,
							"v":1,
							"y":-396
						},
						{
							"t":7,
							"v":1,
							"y":-462
						},
						{
							"t":8,
							"v":1,
							"y":-528
						},
						{
							"t":9,
							"v":1,
							"y":-594
						}
					]
				}
			]
		},
		{
			"name":"digit_2",
			"type":"mc",
			"scripts":
			[
				{
					"t":0,
					"c":"stop"
				}
			],
			"frameCount":10,
			"children":
			[
				{
					"name":"Digits.png",
					"type":"bmp",
					"frames":
					[
						{
							"t":0,
							"v":1
						},
						{
							"t":1,
							"v":1,
							"y":-66
						},
						{
							"t":2,
							"v":1,
							"y":-132
						},
						{
							"t":3,
							"v":1,
							"y":-198
						},
						{
							"t":4,
							"v":1,
							"y":-264
						},
						{
							"t":5,
							"v":1,
							"y":-330
						},
						{
							"t":6,
							"v":1,
							"y":-396
						},
						{
							"t":7,
							"v":1,
							"y":-462
						},
						{
							"t":8,
							"v":1,
							"y":-528
						},
						{
							"t":9,
							"v":1,
							"y":-594
						}
					]
				}
			]
		},
		{
			"name":"level_golden_brick_digits",
			"type":"mc",
			"frameCount":1,
			"children":
			[
				{
					"name":"digit_1",
					"type":"mc",
					"frames":
					[
						{
							"t":0,
							"v":1
						}
					]
				},
				{
					"name":"digit_2",
					"type":"mc",
					"frames":
					[
						{
							"t":0,
							"v":1,
							"x":70.65
						}
					]
				}
			]
		},
		{
			"name":"digit_3",
			"type":"mc",
			"scripts":
			[
				{
					"t":0,
					"c":"stop"
				}
			],
			"frameCount":10,
			"children":
			[
				{
					"name":"Digits.png",
					"type":"bmp",
					"frames":
					[
						{
							"t":0,
							"v":1
						},
						{
							"t":1,
							"v":1,
							"y":-66
						},
						{
							"t":2,
							"v":1,
							"y":-132
						},
						{
							"t":3,
							"v":1,
							"y":-198
						},
						{
							"t":4,
							"v":1,
							"y":-264
						},
						{
							"t":5,
							"v":1,
							"y":-330
						},
						{
							"t":6,
							"v":1,
							"y":-396
						},
						{
							"t":7,
							"v":1,
							"y":-462
						},
						{
							"t":8,
							"v":1,
							"y":-528
						},
						{
							"t":9,
							"v":1,
							"y":-594
						}
					]
				}
			]
		},
		{
			"name":"level_distance_digits",
			"type":"mc",
			"frameCount":1,
			"children":
			[
				{
					"name":"digit_1",
					"type":"mc",
					"frames":
					[
						{
							"t":0,
							"v":1
						}
					]
				},
				{
					"name":"digit_2",
					"type":"mc",
					"frames":
					[
						{
							"t":0,
							"v":1,
							"x":44
						}
					]
				},
				{
					"name":"digit_3",
					"type":"mc",
					"frames":
					[
						{
							"t":0,
							"v":1,
							"x":88
						}
					]
				}
			]
		},
		{
			"name":"digit_4",
			"type":"mc",
			"scripts":
			[
				{
					"t":0,
					"c":"stop"
				}
			],
			"frameCount":10,
			"children":
			[
				{
					"name":"Digits.png",
					"type":"bmp",
					"frames":
					[
						{
							"t":0,
							"v":1
						},
						{
							"t":1,
							"v":1,
							"y":-66
						},
						{
							"t":2,
							"v":1,
							"y":-132
						},
						{
							"t":3,
							"v":1,
							"y":-198
						},
						{
							"t":4,
							"v":1,
							"y":-264
						},
						{
							"t":5,
							"v":1,
							"y":-330
						},
						{
							"t":6,
							"v":1,
							"y":-396
						},
						{
							"t":7,
							"v":1,
							"y":-462
						},
						{
							"t":8,
							"v":1,
							"y":-528
						},
						{
							"t":9,
							"v":1,
							"y":-594
						}
					]
				}
			]
		},
		{
			"name":"level_score_digits",
			"type":"mc",
			"frameCount":1,
			"children":
			[
				{
					"name":"digit_1",
					"type":"mc",
					"frames":
					[
						{
							"t":0,
							"v":1
						}
					]
				},
				{
					"name":"digit_2",
					"type":"mc",
					"frames":
					[
						{
							"t":0,
							"v":1,
							"x":44
						}
					]
				},
				{
					"name":"digit_4",
					"type":"mc",
					"frames":
					[
						{
							"t":0,
							"v":1,
							"x":132
						}
					]
				},
				{
					"name":"digit_3",
					"type":"mc",
					"frames":
					[
						{
							"t":0,
							"v":1,
							"x":88
						}
					]
				}
			]
		},
		{
			"name":"total_bg.png",
			"type":"bmp"
		},
		{
			"name":"Golden_Brick.png",
			"type":"bmp"
		},
		{
			"name":"slash.png",
			"type":"bmp"
		},
		{
			"name":"flag.png",
			"type":"bmp"
		},
		{
			"name":"level_score",
			"type":"mc",
			"frameCount":60,
			"children":
			[
				{
					"name":"star",
					"type":"mc",
					"frames":
					[
						{
							"t":0,
							"v":1,
							"ease":100,
							"x":-104.9,
							"y":-32.65,
							"sx":0.1,
							"sy":0.1,
							"skx":-40,
							"sky":-40
						},
						{
							"t":4,
							"v":1,
							"ease":0,
							"x":-104.8,
							"y":-32.45
						},
						{
							"t":19,
							"v":1,
							"ease":0,
							"x":-104.85,
							"y":-32.55,
							"sx":0.8,
							"sy":0.8,
							"skx":20,
							"sky":20
						},
						{
							"t":24,
							"v":1,
							"x":-104.85,
							"y":-32.55,
							"sx":0.1,
							"sy":0.1,
							"skx":40,
							"sky":40
						},
						{
							"t":25,
							"v":0
						}
					]
				},
				{
					"name":"level_golden_brick_digits",
					"type":"mc",
					"frames":
					[
						{
							"t":0,
							"v":1,
							"x":260,
							"y":-32
						}
					]
				},
				{
					"name":"level_distance_digits",
					"type":"mc",
					"frames":
					[
						{
							"t":0,
							"v":1,
							"x":-312.05,
							"y":-32
						}
					]
				},
				{
					"name":"level_score_digits",
					"type":"mc",
					"frames":
					[
						{
							"t":0,
							"v":1,
							"x":-95,
							"y":-32
						}
					]
				},
				{
					"name":"total_bg.png",
					"type":"bmp",
					"frames":
					[
						{
							"t":0,
							"v":1,
							"x":-155,
							"y":-70,
							"sx":0.8,
							"sy":1.0219
						}
					]
				},
				{
					"name":"Golden_Brick.png",
					"type":"bmp",
					"frames":
					[
						{
							"t":0,
							"v":1,
							"x":176,
							"y":-34,
							"sx":0.6,
							"sy":0.6
						}
					]
				},
				{
					"name":"slash.png",
					"type":"bmp",
					"frames":
					[
						{
							"t":0,
							"v":1,
							"x":306,
							"y":-25
						}
					]
				},
				{
					"name":"flag.png",
					"type":"bmp",
					"frames":
					[
						{
							"t":0,
							"v":1,
							"x":-389,
							"y":-42,
							"sx":1.2999,
							"sy":1.2999
						}
					]
				}
			]
		},
		{
			"name":"level_preview_0.png",
			"type":"bmp"
		},
		{
			"name":"icon_lock.png",
			"type":"bmp"
		},
		{
			"name":"start_button_plain.png",
			"type":"bmp"
		},
		{
			"name":"level_start_button",
			"type":"mc",
			"labels":
			[
				{
					"t":1,
					"id":"UNLOCKED"
				}
			],
			"scripts":
			[
				{
					"t":0,
					"c":"stop"
				},
				{
					"t":9,
					"c":"stop"
				}
			],
			"frameCount":10,
			"children":
			[
				{
					"name":"button_light_band",
					"type":"mc",
					"frames":
					[
						{
							"t":0,
							"v":0
						},
						{
							"t":1,
							"v":1,
							"ease":0,
							"a":0
						},
						{
							"t":9,
							"v":1
						}
					]
				},
				{
					"name":"icon_lock.png",
					"type":"bmp",
					"frames":
					[
						{
							"t":0,
							"v":1,
							"x":-56,
							"y":-69,
							"sx":2,
							"sy":2
						},
						{
							"t":1,
							"v":0
						}
					]
				},
				{
					"name":"icon_play.png",
					"type":"bmp",
					"frames":
					[
						{
							"t":0,
							"v":0
						},
						{
							"t":1,
							"v":1,
							"x":-46,
							"y":-69,
							"sx":2,
							"sy":2
						}
					]
				},
				{
					"name":"start_button_plain.png",
					"type":"bmp",
					"frames":
					[
						{
							"t":0,
							"v":1,
							"x":-146,
							"y":-164,
							"sx":2,
							"sy":2
						}
					]
				}
			]
		},
		{
			"name":"edge_light_vertical",
			"type":"bmp"
		},
		{
			"name":"edge_dark_vertical",
			"type":"bmp"
		},
		{
			"name":"level_screen_0",
			"type":"mc",
			"frameCount":1,
			"children":
			[
				{
					"name":"EN_level_0_title",
					"type":"bmp",
					"frames":
					[
						{
							"t":0,
							"v":1,
							"x":-250,
							"y":-870
						}
					]
				},
				{
					"name":"level_score",
					"type":"mc",
					"frames":
					[
						{
							"t":0,
							"v":1,
							"y":-515,
							"sx":0.8,
							"sy":0.8
						}
					]
				},
				{
					"name":"level_preview_0.png",
					"type":"bmp",
					"frames":
					[
						{
							"t":0,
							"v":1,
							"x":-330,
							"y":-580,
							"sx":1.1,
							"sy":1.1
						}
					]
				},
				{
					"name":"level_start_button",
					"type":"mc",
					"frames":
					[
						{
							"t":0,
							"v":1,
							"y":750
						}
					]
				},
				{
					"name":"edge_dark",
					"type":"bmp",
					"frames":
					[
						{
							"t":0,
							"v":1,
							"x":-340,
							"y":-591,
							"sx":1.7
						}
					]
				},
				{
					"name":"edge_dark",
					"type":"bmp",
					"frames":
					[
						{
							"t":0,
							"v":1,
							"x":340,
							"y":-591,
							"sx":1.7,
							"sky":180
						}
					]
				},
				{
					"name":"edge_light",
					"type":"bmp",
					"frames":
					[
						{
							"t":0,
							"v":1,
							"x":340,
							"y":531,
							"sx":1.6999,
							"skx":180,
							"sky":180
						}
					]
				},
				{
					"name":"edge_light",
					"type":"bmp",
					"frames":
					[
						{
							"t":0,
							"v":1,
							"x":-340,
							"y":531,
							"sx":1.7001,
							"skx":180
						}
					]
				},
				{
					"name":"edge_light_vertical",
					"type":"bmp",
					"frames":
					[
						{
							"t":0,
							"v":1,
							"x":330,
							"y":-590,
							"sy":2.8
						}
					]
				},
				{
					"name":"edge_light_vertical",
					"type":"bmp",
					"frames":
					[
						{
							"t":0,
							"v":1,
							"x":330,
							"y":529.95,
							"sy":2.7999,
							"skx":180
						}
					]
				},
				{
					"name":"edge_dark_vertical",
					"type":"bmp",
					"frames":
					[
						{
							"t":0,
							"v":1,
							"x":-342,
							"y":-590,
							"sy":2.8
						}
					]
				},
				{
					"name":"edge_dark_vertical",
					"type":"bmp",
					"frames":
					[
						{
							"t":0,
							"v":1,
							"x":-342,
							"y":529.95,
							"sy":2.7999,
							"skx":180
						}
					]
				}
			]
		},
		{
			"name":"EN_level_1_title",
			"type":"bmp"
		},
		{
			"name":"level_preview_1.png",
			"type":"bmp"
		},
		{
			"name":"level_screen_1",
			"type":"mc",
			"frameCount":1,
			"children":
			[
				{
					"name":"EN_level_1_title",
					"type":"bmp",
					"frames":
					[
						{
							"t":0,
							"v":1,
							"x":-200,
							"y":-875
						}
					]
				},
				{
					"name":"level_score",
					"type":"mc",
					"frames":
					[
						{
							"t":0,
							"v":1,
							"y":-515,
							"sx":0.8,
							"sy":0.8
						}
					]
				},
				{
					"name":"level_preview_1.png",
					"type":"bmp",
					"frames":
					[
						{
							"t":0,
							"v":1,
							"x":-330,
							"y":-580,
							"sx":1.1,
							"sy":1.1
						}
					]
				},
				{
					"name":"level_start_button",
					"type":"mc",
					"frames":
					[
						{
							"t":0,
							"v":1,
							"y":750
						}
					]
				},
				{
					"name":"edge_dark",
					"type":"bmp",
					"frames":
					[
						{
							"t":0,
							"v":1,
							"x":-340,
							"y":-591,
							"sx":1.7
						}
					]
				},
				{
					"name":"edge_dark",
					"type":"bmp",
					"frames":
					[
						{
							"t":0,
							"v":1,
							"x":340,
							"y":-591,
							"sx":1.7,
							"sky":180
						}
					]
				},
				{
					"name":"edge_light",
					"type":"bmp",
					"frames":
					[
						{
							"t":0,
							"v":1,
							"x":340,
							"y":531,
							"sx":1.6999,
							"skx":180,
							"sky":180
						}
					]
				},
				{
					"name":"edge_light",
					"type":"bmp",
					"frames":
					[
						{
							"t":0,
							"v":1,
							"x":-340,
							"y":531,
							"sx":1.7001,
							"skx":180
						}
					]
				},
				{
					"name":"edge_light_vertical",
					"type":"bmp",
					"frames":
					[
						{
							"t":0,
							"v":1,
							"x":330,
							"y":-590,
							"sy":2.8
						}
					]
				},
				{
					"name":"edge_light_vertical",
					"type":"bmp",
					"frames":
					[
						{
							"t":0,
							"v":1,
							"x":330,
							"y":529.95,
							"sy":2.7999,
							"skx":180
						}
					]
				},
				{
					"name":"edge_dark_vertical",
					"type":"bmp",
					"frames":
					[
						{
							"t":0,
							"v":1,
							"x":-342,
							"y":-590,
							"sy":2.8
						}
					]
				},
				{
					"name":"edge_dark_vertical",
					"type":"bmp",
					"frames":
					[
						{
							"t":0,
							"v":1,
							"x":-342,
							"y":529.95,
							"sy":2.7999,
							"skx":180
						}
					]
				}
			]
		},
		{
			"name":"EN_level_2_title",
			"type":"bmp"
		},
		{
			"name":"level_preview_2.png",
			"type":"bmp"
		},
		{
			"name":"level_screen_2",
			"type":"mc",
			"frameCount":1,
			"children":
			[
				{
					"name":"EN_level_2_title",
					"type":"bmp",
					"frames":
					[
						{
							"t":0,
							"v":1,
							"x":-250,
							"y":-875
						}
					]
				},
				{
					"name":"level_score",
					"type":"mc",
					"frames":
					[
						{
							"t":0,
							"v":1,
							"y":-515,
							"sx":0.8,
							"sy":0.8
						}
					]
				},
				{
					"name":"level_preview_2.png",
					"type":"bmp",
					"frames":
					[
						{
							"t":0,
							"v":1,
							"x":-330,
							"y":-580,
							"sx":1.1,
							"sy":1.1
						}
					]
				},
				{
					"name":"level_start_button",
					"type":"mc",
					"frames":
					[
						{
							"t":0,
							"v":1,
							"y":750
						}
					]
				},
				{
					"name":"edge_dark",
					"type":"bmp",
					"frames":
					[
						{
							"t":0,
							"v":1,
							"x":-340,
							"y":-591,
							"sx":1.7
						}
					]
				},
				{
					"name":"edge_dark",
					"type":"bmp",
					"frames":
					[
						{
							"t":0,
							"v":1,
							"x":340,
							"y":-591,
							"sx":1.7,
							"sky":180
						}
					]
				},
				{
					"name":"edge_light",
					"type":"bmp",
					"frames":
					[
						{
							"t":0,
							"v":1,
							"x":340,
							"y":531,
							"sx":1.6999,
							"skx":180,
							"sky":180
						}
					]
				},
				{
					"name":"edge_light",
					"type":"bmp",
					"frames":
					[
						{
							"t":0,
							"v":1,
							"x":-340,
							"y":531,
							"sx":1.7001,
							"skx":180
						}
					]
				},
				{
					"name":"edge_light_vertical",
					"type":"bmp",
					"frames":
					[
						{
							"t":0,
							"v":1,
							"x":330,
							"y":-590,
							"sy":2.8
						}
					]
				},
				{
					"name":"edge_light_vertical",
					"type":"bmp",
					"frames":
					[
						{
							"t":0,
							"v":1,
							"x":330,
							"y":529.95,
							"sy":2.7999,
							"skx":180
						}
					]
				},
				{
					"name":"edge_dark_vertical",
					"type":"bmp",
					"frames":
					[
						{
							"t":0,
							"v":1,
							"x":-342,
							"y":-590,
							"sy":2.8
						}
					]
				},
				{
					"name":"edge_dark_vertical",
					"type":"bmp",
					"frames":
					[
						{
							"t":0,
							"v":1,
							"x":-342,
							"y":529.95,
							"sy":2.7999,
							"skx":180
						}
					]
				}
			]
		},
		{
			"name":"DE_level_3_title",
			"type":"bmp"
		},
		{
			"name":"level_preview_3.png",
			"type":"bmp"
		},
		{
			"name":"level_screen_3",
			"type":"mc",
			"frameCount":1,
			"children":
			[
				{
					"name":"DE_level_3_title",
					"type":"bmp",
					"frames":
					[
						{
							"t":0,
							"v":1,
							"x":-120,
							"y":-870
						}
					]
				},
				{
					"name":"level_score",
					"type":"mc",
					"frames":
					[
						{
							"t":0,
							"v":1,
							"y":-515,
							"sx":0.8,
							"sy":0.8
						}
					]
				},
				{
					"name":"level_preview_3.png",
					"type":"bmp",
					"frames":
					[
						{
							"t":0,
							"v":1,
							"x":-330,
							"y":-580,
							"sx":1.1,
							"sy":1.1
						}
					]
				},
				{
					"name":"level_start_button",
					"type":"mc",
					"frames":
					[
						{
							"t":0,
							"v":1,
							"y":750
						}
					]
				},
				{
					"name":"edge_dark",
					"type":"bmp",
					"frames":
					[
						{
							"t":0,
							"v":1,
							"x":-340,
							"y":-591,
							"sx":1.7
						}
					]
				},
				{
					"name":"edge_dark",
					"type":"bmp",
					"frames":
					[
						{
							"t":0,
							"v":1,
							"x":340,
							"y":-591,
							"sx":1.7,
							"sky":180
						}
					]
				},
				{
					"name":"edge_light",
					"type":"bmp",
					"frames":
					[
						{
							"t":0,
							"v":1,
							"x":340,
							"y":531,
							"sx":1.6999,
							"skx":180,
							"sky":180
						}
					]
				},
				{
					"name":"edge_light",
					"type":"bmp",
					"frames":
					[
						{
							"t":0,
							"v":1,
							"x":-340,
							"y":531,
							"sx":1.7001,
							"skx":180
						}
					]
				},
				{
					"name":"edge_light_vertical",
					"type":"bmp",
					"frames":
					[
						{
							"t":0,
							"v":1,
							"x":330,
							"y":-590,
							"sy":2.8
						}
					]
				},
				{
					"name":"edge_light_vertical",
					"type":"bmp",
					"frames":
					[
						{
							"t":0,
							"v":1,
							"x":330,
							"y":529.95,
							"sy":2.7999,
							"skx":180
						}
					]
				},
				{
					"name":"edge_dark_vertical",
					"type":"bmp",
					"frames":
					[
						{
							"t":0,
							"v":1,
							"x":-342,
							"y":-590,
							"sy":2.8
						}
					]
				},
				{
					"name":"edge_dark_vertical",
					"type":"bmp",
					"frames":
					[
						{
							"t":0,
							"v":1,
							"x":-342,
							"y":529.95,
							"sy":2.7999,
							"skx":180
						}
					]
				}
			]
		},
		{
			"name":"button_prev",
			"type":"mc",
			"frameCount":1,
			"children":
			[
				{
					"name":"icon_play.png",
					"type":"bmp",
					"frames":
					[
						{
							"t":0,
							"v":1,
							"x":-49,
							"y":-69,
							"sx":1.7543,
							"sy":2.0288
						}
					]
				}
			]
		},
		{
			"name":"button_next",
			"type":"mc",
			"frameCount":1,
			"children":
			[
				{
					"name":"icon_play.png",
					"type":"bmp",
					"frames":
					[
						{
							"t":0,
							"v":1,
							"x":-49,
							"y":-69,
							"sx":1.7543,
							"sy":2.0288
						}
					]
				}
			]
		},
		{
			"name":"bg_pattern_cover.png",
			"type":"bmp"
		},
		{
			"name":"bg_pattern.png",
			"type":"bmp"
		},
		{
			"name":"_LEVEL_SELECT",
			"type":"mc",
			"frameCount":1,
			"children":
			[
				{
					"name":"loading_bar",
					"type":"mc",
					"frames":
					[
						{
							"t":0,
							"v":1,
							"x":0.05,
							"y":725
						}
					]
				},
				{
					"name":"level_screen_0",
					"type":"mc",
					"frames":
					[
						{
							"t":0,
							"v":1
						}
					]
				},
				{
					"name":"level_screen_1",
					"type":"mc",
					"frames":
					[
						{
							"t":0,
							"v":1,
							"x":1080
						}
					]
				},
				{
					"name":"level_screen_2",
					"type":"mc",
					"frames":
					[
						{
							"t":0,
							"v":1,
							"x":2160
						}
					]
				},
				{
					"name":"level_screen_3",
					"type":"mc",
					"frames":
					[
						{
							"t":0,
							"v":1,
							"x":3240
						}
					]
				},
				{
					"name":"button_prev",
					"type":"mc",
					"frames":
					[
						{
							"t":0,
							"v":1,
							"x":-460.05,
							"y":-74.05,
							"skx":180,
							"sky":180
						}
					]
				},
				{
					"name":"button_next",
					"type":"mc",
					"frames":
					[
						{
							"t":0,
							"v":1,
							"x":460.05,
							"y":-73.95
						}
					]
				},
				{
					"name":"bg_pattern_cover.png",
					"type":"bmp",
					"frames":
					[
						{
							"t":0,
							"v":1,
							"x":-961,
							"y":-961,
							"sx":10.0104,
							"sy":10.0104
						}
					]
				},
				{
					"name":"bg_pattern.png",
					"type":"bmp",
					"frames":
					[
						{
							"t":0,
							"v":1,
							"x":-961,
							"y":-961,
							"sx":1.7815,
							"sy":1.7815
						}
					]
				},
				{
					"name":"bg_pattern.png",
					"type":"bmp",
					"frames":
					[
						{
							"t":0,
							"v":1,
							"x":-1,
							"y":-961,
							"sx":1.7815,
							"sy":1.7816
						}
					]
				},
				{
					"name":"bg_pattern.png",
					"type":"bmp",
					"frames":
					[
						{
							"t":0,
							"v":1,
							"x":-961,
							"y":-1,
							"sx":1.7815,
							"sy":1.7815
						}
					]
				},
				{
					"name":"bg_pattern.png",
					"type":"bmp",
					"frames":
					[
						{
							"t":0,
							"v":1,
							"x":-1,
							"y":-1,
							"sx":1.7815,
							"sy":1.7815
						}
					]
				}
			]
		},
		{
			"name":"_HOME",
			"type":"mc",
			"scripts":
			[
				{
					"t":0,
					"c":"stop"
				}
			],
			"frameCount":2,
			"children":
			[
				{
					"name":"_INTRO",
					"type":"mc",
					"instanceName":"Intro_Anim",
					"frames":
					[
						{
							"t":0,
							"v":0
						},
						{
							"t":1,
							"v":1
						}
					]
				},
				{
					"name":"_LEVEL_SELECT",
					"type":"mc",
					"frames":
					[
						{
							"t":0,
							"v":0
						},
						{
							"t":1,
							"v":1,
							"x":1920.05
						}
					]
				}
			]
		}
	],
	"tex":
	{
		"frames":
		[
			{
				"filename":"Chen.png",
				"frame":
				{
					"x":3274,
					"y":467,
					"w":295,
					"h":437
				},
				"rotated":false,
				"trimmed":false
			},
			{
				"filename":"Cole.png",
				"frame":
				{
					"x":2952,
					"y":467,
					"w":320,
					"h":445
				},
				"rotated":false,
				"trimmed":false
			},
			{
				"filename":"DE_level_3_title",
				"frame":
				{
					"x":2992,
					"y":914,
					"w":240,
					"h":200
				},
				"rotated":false,
				"trimmed":false
			},
			{
				"filename":"Digits.png",
				"frame":
				{
					"x":4022,
					"y":684,
					"w":58,
					"h":661
				},
				"rotated":false,
				"trimmed":false
			},
			{
				"filename":"EN_game_title",
				"frame":
				{
					"x":2410,
					"y":945,
					"w":580,
					"h":92
				},
				"rotated":false,
				"trimmed":false
			},
			{
				"filename":"EN_level_0_title",
				"frame":
				{
					"x":2410,
					"y":544,
					"w":500,
					"h":196
				},
				"rotated":false,
				"trimmed":false
			},
			{
				"filename":"EN_level_1_title",
				"frame":
				{
					"x":2410,
					"y":742,
					"w":400,
					"h":201
				},
				"rotated":false,
				"trimmed":false
			},
			{
				"filename":"EN_level_2_title",
				"frame":
				{
					"x":3571,
					"y":481,
					"w":500,
					"h":201
				},
				"rotated":false,
				"trimmed":false
			},
			{
				"filename":"Golden_Brick.png",
				"frame":
				{
					"x":1779,
					"y":1004,
					"w":130,
					"h":127
				},
				"rotated":false,
				"trimmed":false
			},
			{
				"filename":"Kai.png",
				"frame":
				{
					"x":3754,
					"y":2,
					"w":340,
					"h":477
				},
				"rotated":false,
				"trimmed":false
			},
			{
				"filename":"Logo_01.png",
				"frame":
				{
					"x":2812,
					"y":742,
					"w":131,
					"h":131
				},
				"rotated":false,
				"trimmed":false
			},
			{
				"filename":"Logo_02.png",
				"frame":
				{
					"x":2133,
					"y":1004,
					"w":123,
					"h":104
				},
				"rotated":false,
				"trimmed":false
			},
			{
				"filename":"Logo_03.png",
				"frame":
				{
					"x":2258,
					"y":1004,
					"w":105,
					"h":107
				},
				"rotated":false,
				"trimmed":false
			},
			{
				"filename":"Logo_04.png",
				"frame":
				{
					"x":2471,
					"y":1039,
					"w":131,
					"h":79
				},
				"rotated":false,
				"trimmed":false
			},
			{
				"filename":"Logo_05.png",
				"frame":
				{
					"x":2365,
					"y":1039,
					"w":104,
					"h":105
				},
				"rotated":false,
				"trimmed":false
			},
			{
				"filename":"Logo_06.png",
				"frame":
				{
					"x":2766,
					"y":1039,
					"w":192,
					"h":18
				},
				"rotated":false,
				"trimmed":false
			},
			{
				"filename":"Logo_Complete.png",
				"frame":
				{
					"x":2952,
					"y":224,
					"w":708,
					"h":241
				},
				"rotated":false,
				"trimmed":false
			},
			{
				"filename":"Logo_Shine.png",
				"frame":
				{
					"x":2952,
					"y":2,
					"w":800,
					"h":220
				},
				"rotated":false,
				"trimmed":false
			},
			{
				"filename":"Sparks.png",
				"frame":
				{
					"x":1470,
					"y":1004,
					"w":165,
					"h":144
				},
				"rotated":false,
				"trimmed":false
			},
			{
				"filename":"Star.png",
				"frame":
				{
					"x":1637,
					"y":1004,
					"w":140,
					"h":141
				},
				"rotated":false,
				"trimmed":false
			},
			{
				"filename":"Wu.png",
				"frame":
				{
					"x":3571,
					"y":684,
					"w":228,
					"h":385
				},
				"rotated":false,
				"trimmed":false
			},
			{
				"filename":"Zane.png",
				"frame":
				{
					"x":3801,
					"y":684,
					"w":219,
					"h":376
				},
				"rotated":false,
				"trimmed":false
			},
			{
				"filename":"bg_pattern.png",
				"frame":
				{
					"x":2410,
					"y":2,
					"w":540,
					"h":540
				},
				"rotated":false,
				"trimmed":false
			},
			{
				"filename":"bg_pattern_cover.png",
				"frame":
				{
					"x":393,
					"y":1004,
					"w":192,
					"h":192
				},
				"rotated":false,
				"trimmed":false
			},
			{
				"filename":"button_intro.png",
				"frame":
				{
					"x":2024,
					"y":1004,
					"w":107,
					"h":124
				},
				"rotated":false,
				"trimmed":false
			},
			{
				"filename":"button_intro_light.png",
				"frame":
				{
					"x":1911,
					"y":1004,
					"w":111,
					"h":126
				},
				"rotated":false,
				"trimmed":false
			},
			{
				"filename":"button_light_band.png",
				"frame":
				{
					"x":3274,
					"y":906,
					"w":246,
					"h":252
				},
				"rotated":false,
				"trimmed":false
			},
			{
				"filename":"button_plain.png",
				"frame":
				{
					"x":1323,
					"y":1004,
					"w":145,
					"h":164
				},
				"rotated":false,
				"trimmed":false
			},
			{
				"filename":"edge_dark",
				"frame":
				{
					"x":3801,
					"y":1062,
					"w":200,
					"h":12
				},
				"rotated":false,
				"trimmed":false
			},
			{
				"filename":"edge_dark_vertical",
				"frame":
				{
					"x":3735,
					"y":224,
					"w":12,
					"h":200
				},
				"rotated":false,
				"trimmed":false
			},
			{
				"filename":"edge_light",
				"frame":
				{
					"x":2766,
					"y":1059,
					"w":200,
					"h":12
				},
				"rotated":false,
				"trimmed":false
			},
			{
				"filename":"edge_light_vertical",
				"frame":
				{
					"x":3721,
					"y":224,
					"w":12,
					"h":200
				},
				"rotated":false,
				"trimmed":false
			},
			{
				"filename":"flag.png",
				"frame":
				{
					"x":3662,
					"y":224,
					"w":57,
					"h":70
				},
				"rotated":false,
				"trimmed":false
			},
			{
				"filename":"icon_lock.png",
				"frame":
				{
					"x":3662,
					"y":367,
					"w":54,
					"h":62
				},
				"rotated":false,
				"trimmed":false
			},
			{
				"filename":"icon_play.png",
				"frame":
				{
					"x":3662,
					"y":296,
					"w":57,
					"h":69
				},
				"rotated":false,
				"trimmed":false
			},
			{
				"filename":"level_preview_0.png",
				"frame":
				{
					"x":2,
					"y":2,
					"w":600,
					"h":1000
				},
				"rotated":false,
				"trimmed":false
			},
			{
				"filename":"level_preview_1.png",
				"frame":
				{
					"x":604,
					"y":2,
					"w":600,
					"h":1000
				},
				"rotated":false,
				"trimmed":false
			},
			{
				"filename":"level_preview_2.png",
				"frame":
				{
					"x":1206,
					"y":2,
					"w":600,
					"h":1000
				},
				"rotated":false,
				"trimmed":false
			},
			{
				"filename":"level_preview_3.png",
				"frame":
				{
					"x":1808,
					"y":2,
					"w":600,
					"h":1000
				},
				"rotated":false,
				"trimmed":false
			},
			{
				"filename":"level_select_bg.png",
				"frame":
				{
					"x":587,
					"y":1004,
					"w":272,
					"h":133
				},
				"rotated":false,
				"trimmed":false
			},
			{
				"filename":"loading_bar_png",
				"frame":
				{
					"x":861,
					"y":1004,
					"w":460,
					"h":62
				},
				"rotated":false,
				"trimmed":false
			},
			{
				"filename":"slash.png",
				"frame":
				{
					"x":2812,
					"y":875,
					"w":40,
					"h":53
				},
				"rotated":false,
				"trimmed":false
			},
			{
				"filename":"start_button_plain.png",
				"frame":
				{
					"x":1323,
					"y":1004,
					"w":145,
					"h":164
				},
				"rotated":false,
				"trimmed":false
			},
			{
				"filename":"total_bg.png",
				"frame":
				{
					"x":2,
					"y":1004,
					"w":389,
					"h":137
				},
				"rotated":false,
				"trimmed":false
			},
			{
				"filename":"txt_loading_png",
				"frame":
				{
					"x":2604,
					"y":1039,
					"w":160,
					"h":40
				},
				"rotated":false,
				"trimmed":false
			}
		]
	}
}