
{
    "debug" : false,
    "debugCamera" : false,
    "debugModel" : "ITEM_Snake",
    "debugSpeed" : 1,
    "debugLighting" : false,
    "showDebugPanel" : false,
    
    "id": 0,
        
    "baseUrl" : "level_0/",
    
    "mainLightPos" : { "x": 80, "y": 60, "z": 20 },
    "mainLightColor" : "0xffffff",
    "mainLightIntensity" : 1,
    "mainLightShadowOpacity" : 0.7,
    "mainLightShadowWindow" : 45,
    "mainLightShadowNear" : 20,
    "mainLightShadowFar" : 140,
    
    "rimLightPos" : { "x": -10, "y": -1, "z": -10 },
    "rimLightColor" : "0x593030",
        
    "ambientColor" : "0x6b6661",
    "fogColor" : "0xe59f4b",
    
    "aoIntensity": 0,
    
    "skyboxUrl" : "skybox/skybox",
        
    "materials" :
    [
        {
            "name" : "ground_straight",
            "type" : "LandscapeMaterial",
            "file" : "ground_straight",
            "transparent" : false,
            "side" : "front"
        },
        {
            "name" : "rock_plane",
            "type" : "LandscapeMaterial",
            "file" : "rock_plane",
            "transparent" : false,
            "side" : "front"
        },
        {
            "name" : "rock_needle",
            "type" : "LandscapeMaterial",
            "file" : "rock_needle",
            "transparent" : false,
            "side" : "front"
        },
        {
            "name" : "rock_narrows",
            "type" : "LandscapeMaterial",
            "file" : "rock_narrows",
            "transparent" : false,
            "side" : "front"
        },
        {
            "name" : "stone",
            "type" : "LandscapeMaterial",
            "file" : "stone",
            "transparent" : false,
            "side" : "front"
        },
        {
            "name" : "desert_plants",
            "type" : "LandscapeMaterial",
            "file" : "desert_plants",
            "transparent" : false,
            "side" : "front"
        },
        {
            "name" : "standard_brick",
            "type" : "TransparentMaterial",
            "file" : "standard_brick",
            "transparent" : false,
            "side" : "front"
        },
        {
            "name" : "golden_brick",
            "type" : "LandscapeMaterial",
            "file" : "golden_brick",
            "transparent" : false,
            "side" : "front"
        },
        {
            "name" : "magnet",
            "type" : "LandscapeMaterial",
            "file" : "magnet",
            "transparent" : false,
            "side" : "front"
        },
        {
            "name" : "hourglass",
            "type" : "TransparentMaterial",
            "file" : "hourglass",
            "transparent" : false,
            "side" : "front"
        },
        {
            "name" : "bridge",
            "type" : "LandscapeMaterial",
            "file" : "bridge",
            "transparent" : false,
            "side" : "front"
        },
        {
            "name" : "ground_rock",
            "type" : "LandscapeMaterial",
            "file" : "ground_rock",
            "transparent" : false,
            "side" : "front"
        },
        {
            "name" : "vehicle_brick",
            "type" : "LandscapeMaterial",
            "file" : "vehicle_brick",
            "transparent" : false,
            "side" : "front"
        },
        {
            "name" : "ninjago_city",
            "type" : "UnlitMaterial",
            "file" : "ninjago_city",
            "transparent" : true,
            "side" : "double"
        }
    ],
    
    "blockLookAt" :
    [
        [ 1, 1, 1, 1, 1, 1, 1, 1 ],
        [ 1, 1, 1, 1, 1, 1, 1 ],
        [ 1, 1, 1, 1, 1, 1, 1 ],
        [ 1, 1, 1, 1, 1, 1, 1 ],
        [ 1, 1, 1, 1, 1, 1 ],
        [ 1, 1, 0, 0, 0, 0, 0, 0.4, 0.4 ],
        [ 1, 1 ]
    ],
    
    "blockSpeeds" :
    [
        [ 1, 1, 1, 1, 1, 1, 1, 1 ],
        [ 1, 1, 1, 1, 1, 1, 1 ],
        [ 1, 1, 1, 1, 1, 1 ],
        [ 0.9, 0.9, 0.9, 0.9, 0.9, 0.9 ],
        [ 1, 1, 1, 1, 1, 1 ],
        [ 1, 1, 1, 1, 1, 1, 1, 1, 1 ],
        [ 1, 1 ]
    ],
       
    "blockOrder" :
    [
        [ 0, 1, 2, 3, 4, 5, 6, 7 ],
        [],
        [],
        [],
        [],
        [],
        [ 0, 1 ]
    ],
    
    "startBlock": 0,
    "startPos" : 0
}