
{
    "debug" : false,
    "debugCamera" : false,
    "debugModel" : "",
    "debugSpeed" : 1,
    "debugLighting" : false,
    "showDebugPanel" : false,
    
    "id": 3,
        
    "baseUrl" : "level_3/",
    
    "mainLightPos" : { "x": 50, "y": 80, "z": 0 },
    "mainLightColor" : "0xFFFFFF",
    "mainLightIntensity" : 1,
    "mainLightShadowOpacity" : 0.9,
    "mainLightShadowWindow" : 60,
    "mainLightShadowNear" : 20,
    "mainLightShadowFar" : 140,
    
    "rimLightPos" : { "x": -100, "y": 0, "z": 20 },
    "rimLightColor" : "0x505050",
    
    "ambientColor" : "0x202020",
    "fogColor" : "0x6080A0",
    
    "aoIntensity": 1,
    
    "skyboxUrl" : "skybox/skybox",
    
    "textures" :
    [
    ],
        
    "materials" :
    [
        {
            "name" : "street",
            "type" : "DeNormMaterial",
            "file" : "street_tiles",
            "transparent" : false,
            "side" : "front",
            "normalScale" : 1.5
        },
        {
            "name" : "restaurant",
            "type" : "LandscapeMaterial",
            "file" : "restaurant",
            "transparent" : false,
            "side" : "front",
            "normalScale" : 1
        },
        {
            "name" : "building_top",
            "type" : "LandscapeMaterial",
            "file" : "building_top",
            "transparent" : false,
            "side" : "front",
            "normalScale" : 1
        },
        {
            "name" : "skyscraper",
            "type" : "DeNormMaterial",
            "file" : "skyscraper",
            "transparent" : false,
            "side" : "front",
            "normalScale" : 1
        },
        {
            "name" : "street_props",
            "type" : "DeNormMaterial",
            "file" : "street_props",
            "transparent" : false,
            "side" : "front",
            "normalScale" : 1
        },
        {
            "name" : "car",
            "type" : "DeNormMaterial",
            "file" : "car",
            "transparent" : false,
            "side" : "front",
            "normalScale" : 1
        },
        {
            "name" : "car_transparent",
            "type" : "DeNormMaterial",
            "file" : "car",
            "transparent" : true,
            "side" : "front",
            "normalScale" : 1
        },
        {
            "name" : "standard_brick",
            "type" : "TransparentMaterial",
            "file" : "standard_brick",
            "transparent" : false,
            "side" : "front"
        },
        {
            "name" : "chen_vehicle",
            "type" : "DeNormMaterial",
            "file" : "chen/chen_vehicle",
            "transparent" : false,
            "side" : "front"
        }
    ],
    
    "blockLookAt" :
    [
        [ 0.5, 0.5, 0.5, 0.5, 0.5, 0.5, 0.5, 0.5 ],
        [ 1, 1, 1, 1, 1, 1, 1, 1 ]
    ],
    
    "blockSpeeds" :
    [
        [ 1, 1, 1, 1, 1, 1, 1, 1 ],
        [ 1, 1, 1, 1, 1, 1, 1, 1, 1, 1, 1, 1, 1, 1, 1, 1, 1, 1, 1 ]
    ],
       
    "blockOrder" :
    [
        [],
        [ 0, 1, 2, 3, 4, 2, 1, 4, 3, 0, 4, 3, 2, 1, 0, 1, 2, 3, 4 ]
    ],
   
    "startBlock": 0,
    "startPos" : 0
}