
{
    "debug" : false,
    "debugCamera" : false,
    "debugModel" : "",
    "debugSpeed" : 1,
    "debugLighting" : false,
    "showDebugPanel" : false,
    
    "id": 1,
        
    "baseUrl" : "level_1/",
    
    "mainLightPos" : { "x": 20, "y": 60, "z": 100 },
    "mainLightColor" : "0xffffff",
    "mainLightIntensity" : 1.0,
    "mainLightShadowOpacity" : 0.9,
    "mainLightShadowWindow" : 45,
    "mainLightShadowNear" : 20,
    "mainLightShadowFar" : 140,
    
    "rimLightPos" : { "x": -100, "y": 0, "z": -50 },
    "rimLightColor" : "0x006bca",
    
    "ambientColor" : "0x606060",
    "fogColor" : "0x191c12",
    
    "aoIntensity": 1,
    
    "skyboxUrl" : "skybox/skybox_2",

        
    "materials" :
    [
        {
            "name" : "golden_brick",
            "type" : "LandscapeMaterial",
            "file" : "golden_brick",
            "transparent" : false,
            "side" : "front"
        },
        {
            "name" : "magnet",
            "type" : "LandscapeMaterial",
            "file" : "magnet",
            "transparent" : false,
            "side" : "front"
        },
        {
            "name" : "hourglass",
            "type" : "TransparentMaterial",
            "file" : "hourglass",
            "transparent" : false,
            "side" : "front"
        },
        {
            "name" : "ground_2",
            "type" : "LandscapeMaterial",
            "file" : "ground_2",
            "transparent" : false,
            "side" : "front"
        },
        {
            "name" : "firepit",
            "type" : "LandscapeMaterial",
            "file" : "firepit",
            "transparent" : false,
            "side" : "front"
        },
        {
            "name" : "firepit_flame",
            "type" : "TransparentMaterial",
            "file" : "firepit",
            "transparent" : false,
            "side" : "front"
        },
        {
            "name" : "tree_b",
            "type" : "LandscapeMaterial",
            "file" : "tree_b",
            "transparent" : false,
            "side" : "front"
        },
        {
            "name" : "tree_b_leaves",
            "type" : "LandscapeMaterial",
            "file" : "tree_b_leaves",
            "transparent" : false,
            "side" : "double"
        },
        {
            "name" : "standard_brick",
            "type" : "TransparentMaterial",
            "file" : "standard_brick",
            "transparent" : true,
            "side" : "front"
        },
        {
            "name" : "cave",
            "type" : "LandscapeMaterial",
            "file" : "cave",
            "transparent" : false,
            "side" : "front"
        },
        {
            "name" : "tree_billboards_2",
            "type" : "LandscapeMaterial",
            "file" : "tree_billboards_2",
            "transparent" : false,
            "side" : "double"
        },
        {
            "name" : "trunk",
            "type" : "LandscapeMaterial",
            "file" : "trunk",
            "transparent" : false,
            "side" : "front"
        },
        {
            "name" : "spikes",
            "type" : "LandscapeMaterial",
            "file" : "spikes",
            "transparent" : false,
            "side" : "front"
        },
        {
            "name" : "boulders",
            "type" : "LandscapeMaterial",
            "file" : "boulders",
            "transparent" : false,
            "side" : "front"
        },
        {
            "name" : "waterfall",
            "type" : "WaterfallMaterial",
            "file" : "waterfall",
            "transparent" : false,
            "side" : "front"
        },
        {
            "name" : "darken",
            "type" : "UnlitMaterial",
            "file" : "darken",
            "transparent" : false,
            "side" : "front"
        },
        {
            "name" : "temple_a",
            "type" : "LandscapeMaterial",
            "file" : "temple_a",
            "transparent" : false,
            "side" : "front"
        },
        {
            "name" : "temple_floor",
            "type" : "LandscapeMaterial",
            "file" : "temple_floor",
            "transparent" : false,
            "side" : "front"
        },
        {
            "name" : "vehicle_brick",
            "type" : "LandscapeMaterial",
            "file" : "vehicle_brick",
            "transparent" : false,
            "side" : "front"
        },
        {
            "name" : "ninjago_city",
            "type" : "UnlitMaterial",
            "file" : "ninjago_city",
            "transparent" : true,
            "side" : "double",
            "horizon" : 0
        }
    ],
    
    "blockLookAt" :
    [
        [ 1, 1, 1, 1, 1, 1, 1 ],
        [ 1, 1, 1, 1, 1 ],
        [ 0, 0, 0, 0, 0, 1, 1 ],
        [ 1, 1, 1, 1, 1, 1 ],
        [ 1, 1, 1 ]
    ],
    
    "blockSpeeds" :
    [
        [ 1, 1, 1, 1, 1, 1, 1 ],
        [ 0.85, 0.85, 0.85, 0.85, 0.85 ],
        [ 0.9, 0.9, 0.9, 0.9, 0.9, 1.0, 1.0 ],
        [ 1, 1, 1, 1, 1, 1 ],
        [ 1, 1, 1 ]
    ],
       
    "blockOrder" :
    [
        [],
        [],
        [ 0, 3, 1, 2, 4, 1, 2, 3, 5, 6, 5, 6 ],
        [],
        [ 0, 1, 2 ]
    ],
   
    "startBlock": 0,
    "startPos" : 0
}