{
	"root":"_hud",
	"fps":30,
	"library":
	[
		{
			"name":"Star.png",
			"type":"bmp"
		},
		{
			"name":"star",
			"type":"mc",
			"frameCount":1,
			"children":
			[
				{
					"name":"Star.png",
					"type":"bmp",
					"frames":
					[
						{
							"t":0,
							"v":1,
							"x":-70,
							"y":-70.5
						}
					]
				}
			]
		},
		{
			"name":"btn_home_glow.png",
			"type":"bmp"
		},
		{
			"name":"btn_home_glow",
			"type":"mc",
			"frameCount":1,
			"children":
			[
				{
					"name":"btn_home_glow.png",
					"type":"bmp",
					"frames":
					[
						{
							"t":0,
							"v":1,
							"x":-148,
							"y":-164,
							"sx":2,
							"sy":2
						}
					]
				}
			]
		},
		{
			"name":"Digits.png",
			"type":"bmp"
		},
		{
			"name":"digit",
			"type":"mc",
			"frameCount":1,
			"children":
			[
				{
					"name":"Digits.png",
					"type":"bmp",
					"frames":
					[
						{
							"t":0,
							"v":1
						}
					]
				}
			]
		},
		{
			"name":"digit_single",
			"type":"mc",
			"frameCount":1,
			"children":
			[
				{
					"name":"digit",
					"type":"mc",
					"frames":
					[
						{
							"t":0,
							"v":1
						}
					]
				}
			]
		},
		{
			"name":"oneup_cole.png",
			"type":"bmp"
		},
		{
			"name":"oneup_fg_anim",
			"type":"mc",
			"frameCount":1,
			"children":
			[
				{
					"name":"oneup_cole.png",
					"type":"bmp",
					"frames":
					[
						{
							"t":0,
							"v":1,
							"x":-129,
							"y":-151,
							"sx":2,
							"sy":2
						}
					]
				}
			]
		},
		{
			"name":"Standard_Brick.png",
			"type":"bmp"
		},
		{
			"name":"standard_brick_anim",
			"type":"mc",
			"frameCount":1,
			"children":
			[
				{
					"name":"Standard_Brick.png",
					"type":"bmp",
					"frames":
					[
						{
							"t":0,
							"v":1,
							"x":-41.5,
							"y":-39
						}
					]
				}
			]
		},
		{
			"name":"digit_1",
			"type":"mc",
			"scripts":
			[
				{
					"t":0,
					"c":"stop"
				}
			],
			"frameCount":10,
			"children":
			[
				{
					"name":"Digits.png",
					"type":"bmp",
					"frames":
					[
						{
							"t":0,
							"v":1
						},
						{
							"t":1,
							"v":1,
							"y":-66
						},
						{
							"t":2,
							"v":1,
							"y":-132
						},
						{
							"t":3,
							"v":1,
							"y":-198
						},
						{
							"t":4,
							"v":1,
							"y":-264
						},
						{
							"t":5,
							"v":1,
							"y":-330
						},
						{
							"t":6,
							"v":1,
							"y":-396
						},
						{
							"t":7,
							"v":1,
							"y":-462
						},
						{
							"t":8,
							"v":1,
							"y":-528
						},
						{
							"t":9,
							"v":1,
							"y":-594
						}
					]
				}
			]
		},
		{
			"name":"digit_2",
			"type":"mc",
			"scripts":
			[
				{
					"t":0,
					"c":"stop"
				}
			],
			"frameCount":10,
			"children":
			[
				{
					"name":"Digits.png",
					"type":"bmp",
					"frames":
					[
						{
							"t":0,
							"v":1
						},
						{
							"t":1,
							"v":1,
							"y":-66
						},
						{
							"t":2,
							"v":1,
							"y":-132
						},
						{
							"t":3,
							"v":1,
							"y":-198
						},
						{
							"t":4,
							"v":1,
							"y":-264
						},
						{
							"t":5,
							"v":1,
							"y":-330
						},
						{
							"t":6,
							"v":1,
							"y":-396
						},
						{
							"t":7,
							"v":1,
							"y":-462
						},
						{
							"t":8,
							"v":1,
							"y":-528
						},
						{
							"t":9,
							"v":1,
							"y":-594
						}
					]
				}
			]
		},
		{
			"name":"digit_3",
			"type":"mc",
			"scripts":
			[
				{
					"t":0,
					"c":"stop"
				}
			],
			"frameCount":10,
			"children":
			[
				{
					"name":"Digits.png",
					"type":"bmp",
					"frames":
					[
						{
							"t":0,
							"v":1
						},
						{
							"t":1,
							"v":1,
							"y":-66
						},
						{
							"t":2,
							"v":1,
							"y":-132
						},
						{
							"t":3,
							"v":1,
							"y":-198
						},
						{
							"t":4,
							"v":1,
							"y":-264
						},
						{
							"t":5,
							"v":1,
							"y":-330
						},
						{
							"t":6,
							"v":1,
							"y":-396
						},
						{
							"t":7,
							"v":1,
							"y":-462
						},
						{
							"t":8,
							"v":1,
							"y":-528
						},
						{
							"t":9,
							"v":1,
							"y":-594
						}
					]
				}
			]
		},
		{
			"name":"digits",
			"type":"mc",
			"frameCount":1,
			"children":
			[
				{
					"name":"digit_1",
					"type":"mc",
					"frames":
					[
						{
							"t":0,
							"v":1
						}
					]
				},
				{
					"name":"digit_2",
					"type":"mc",
					"frames":
					[
						{
							"t":0,
							"v":1,
							"x":48
						}
					]
				},
				{
					"name":"digit_3",
					"type":"mc",
					"frames":
					[
						{
							"t":0,
							"v":1,
							"x":96
						}
					]
				}
			]
		},
		{
			"name":"icon_oneup_fg",
			"type":"mc"
		},
		{
			"name":"oneup_bg.png",
			"type":"bmp"
		},
		{
			"name":"icon_oneup_anim",
			"type":"mc",
			"scripts":
			[
				{
					"t":0,
					"c":"stop"
				}
			],
			"frameCount":25,
			"children":
			[
				{
					"name":"icon_oneup_fg",
					"type":"mc",
					"frames":
					[
						{
							"t":0,
							"v":0
						},
						{
							"t":9,
							"v":1,
							"x":12,
							"y":-21
						}
					]
				},
				{
					"name":"oneup_bg.png",
					"type":"bmp",
					"frames":
					[
						{
							"t":0,
							"v":1,
							"x":-145,
							"y":-166,
							"sx":2,
							"sy":2
						}
					]
				}
			]
		},
		{
			"name":"icon_oneup",
			"type":"mc",
			"labels":
			[
				{
					"t":1,
					"id":"SHOW"
				},
				{
					"t":44,
					"id":"USE"
				}
			],
			"scripts":
			[
				{
					"t":0,
					"c":"stop"
				},
				{
					"t":40,
					"c":"stop"
				},
				{
					"t":59,
					"c":"stop"
				}
			],
			"frameCount":60,
			"children":
			[
				{
					"name":"star",
					"type":"mc",
					"frames":
					[
						{
							"t":0,
							"v":0
						},
						{
							"t":29,
							"v":1,
							"ease":0,
							"x":122.5,
							"y":65,
							"sx":0.5,
							"sy":0.5,
							"skx":-40,
							"sky":-40
						},
						{
							"t":34,
							"v":1,
							"ease":0,
							"x":130,
							"y":60,
							"sx":2,
							"sy":2
						},
						{
							"t":39,
							"v":1,
							"x":127.5,
							"y":62.5,
							"sx":0.5,
							"sy":0.5,
							"skx":40,
							"sky":40
						},
						{
							"t":40,
							"v":0
						},
						{
							"t":48,
							"v":1,
							"ease":0,
							"x":122.5,
							"y":65,
							"sx":0.5,
							"sy":0.5,
							"skx":-40,
							"sky":-40
						},
						{
							"t":53,
							"v":1,
							"ease":0,
							"x":130,
							"y":60,
							"sx":2,
							"sy":2
						},
						{
							"t":58,
							"v":1,
							"x":127.5,
							"y":62.5,
							"sx":0.5,
							"sy":0.5,
							"skx":40,
							"sky":40
						},
						{
							"t":59,
							"v":0
						}
					]
				},
				{
					"name":"star",
					"type":"mc",
					"frames":
					[
						{
							"t":0,
							"v":0
						},
						{
							"t":28,
							"v":1,
							"ease":0,
							"x":-90,
							"y":-105,
							"sx":0.5,
							"sy":0.5,
							"skx":-40,
							"sky":-40
						},
						{
							"t":33,
							"v":1,
							"ease":0,
							"x":-90,
							"y":-105,
							"sx":2,
							"sy":2
						},
						{
							"t":38,
							"v":1,
							"x":-90,
							"y":-105,
							"sx":0.5,
							"sy":0.5,
							"skx":40,
							"sky":40
						},
						{
							"t":39,
							"v":0
						},
						{
							"t":47,
							"v":1,
							"ease":0,
							"x":-90,
							"y":-105,
							"sx":0.5,
							"sy":0.5,
							"skx":-40,
							"sky":-40
						},
						{
							"t":52,
							"v":1,
							"ease":0,
							"x":-90,
							"y":-105,
							"sx":2,
							"sy":2
						},
						{
							"t":57,
							"v":1,
							"x":-90,
							"y":-105,
							"sx":0.5,
							"sy":0.5,
							"skx":40,
							"sky":40
						},
						{
							"t":58,
							"v":0
						}
					]
				},
				{
					"name":"star",
					"type":"mc",
					"frames":
					[
						{
							"t":0,
							"v":0
						},
						{
							"t":1,
							"v":1,
							"ease":0,
							"sx":0.2,
							"sy":0.2,
							"skx":-30,
							"sky":-30
						},
						{
							"t":4,
							"v":1,
							"ease":0,
							"sx":1.9988,
							"sy":1.9988,
							"skx":-10.01,
							"sky":-10.01
						},
						{
							"t":11,
							"v":1,
							"ease":0,
							"x":3.15,
							"y":0.15,
							"sx":3.9996,
							"sy":3.9996,
							"skx":50,
							"sky":50
						},
						{
							"t":15,
							"v":1,
							"x":3.05,
							"y":0.05,
							"sx":3.9988,
							"sy":3.9988,
							"skx":80,
							"sky":80,
							"a":0
						},
						{
							"t":16,
							"v":0
						},
						{
							"t":25,
							"v":1,
							"ease":0,
							"x":-122.5,
							"y":77.5,
							"sx":0.5,
							"sy":0.5,
							"skx":-40,
							"sky":-40
						},
						{
							"t":30,
							"v":1,
							"ease":0,
							"x":-120,
							"y":72.5,
							"sx":2,
							"sy":2
						},
						{
							"t":35,
							"v":1,
							"x":-112.5,
							"y":70,
							"sx":0.5,
							"sy":0.5,
							"skx":40,
							"sky":40
						},
						{
							"t":36,
							"v":0
						},
						{
							"t":44,
							"v":1,
							"ease":0,
							"x":-122.5,
							"y":77.5,
							"sx":0.5,
							"sy":0.5,
							"skx":-40,
							"sky":-40
						},
						{
							"t":49,
							"v":1,
							"ease":0,
							"x":-120,
							"y":72.5,
							"sx":2,
							"sy":2
						},
						{
							"t":54,
							"v":1,
							"x":-112.5,
							"y":70,
							"sx":0.5,
							"sy":0.5,
							"skx":40,
							"sky":40
						},
						{
							"t":55,
							"v":0
						}
					]
				},
				{
					"name":"btn_home_glow",
					"type":"mc",
					"frames":
					[
						{
							"t":0,
							"v":0
						},
						{
							"t":25,
							"v":1,
							"ease":0,
							"x":-0.1,
							"y":-0.1
						},
						{
							"t":29,
							"v":1,
							"ease":0,
							"x":-0.05,
							"y":-0.3,
							"sx":1.5,
							"sy":1.5,
							"skx":20,
							"sky":20
						},
						{
							"t":33,
							"v":1,
							"x":0.35,
							"y":-0.5,
							"sx":2.4997,
							"sy":2.4998,
							"skx":60,
							"sky":60,
							"a":0
						},
						{
							"t":34,
							"v":0
						}
					]
				},
				{
					"name":"digit_single",
					"type":"mc",
					"frames":
					[
						{
							"t":0,
							"v":1,
							"x":120.15,
							"y":31.1,
							"sx":0.1,
							"sy":0.1,
							"a":0
						},
						{
							"t":29,
							"v":1,
							"ease":100,
							"x":120.15,
							"y":31.1,
							"sx":0.1,
							"sy":0.1
						},
						{
							"t":34,
							"v":1,
							"x":78,
							"y":-15,
							"sx":1.5,
							"sy":1.5
						}
					]
				},
				{
					"name":"oneup_fg_anim",
					"type":"mc",
					"frames":
					[
						{
							"t":0,
							"v":0
						},
						{
							"t":29,
							"v":1,
							"ease":100,
							"x":10,
							"y":96,
							"sy":0.5,
							"a":0
						},
						{
							"t":34,
							"v":1,
							"x":10,
							"y":-24
						}
					]
				},
				{
					"name":"standard_brick_anim",
					"type":"mc",
					"frames":
					[
						{
							"t":0,
							"v":0
						},
						{
							"t":1,
							"v":1,
							"ease":100,
							"y":-0.05,
							"sx":0.1,
							"sy":0.1
						},
						{
							"t":6,
							"v":1,
							"ease":0,
							"y":-40.1,
							"sx":3.2,
							"sy":3.2
						},
						{
							"t":10,
							"v":1,
							"ease":-100,
							"y":-40.15,
							"sx":2.9999,
							"sy":2.9999
						},
						{
							"t":15,
							"v":1,
							"y":-66.05,
							"sx":1.5,
							"sy":1.5
						},
						{
							"t":25,
							"v":1,
							"ease":-100,
							"y":-66.05,
							"sx":1.5,
							"sy":1.5
						},
						{
							"t":30,
							"v":1,
							"y":-186.05,
							"sx":1.5,
							"sy":1.5,
							"a":0
						},
						{
							"t":31,
							"v":0
						}
					]
				},
				{
					"name":"digits",
					"type":"mc",
					"frames":
					[
						{
							"t":0,
							"v":0
						},
						{
							"t":13,
							"v":1,
							"ease":100,
							"x":-16.95,
							"y":58.95,
							"sx":0.2,
							"sy":0.2
						},
						{
							"t":18,
							"v":1,
							"x":-117,
							"y":-1,
							"sx":1.5,
							"sy":1.5
						},
						{
							"t":27,
							"v":1,
							"ease":-100,
							"x":-117,
							"y":-1,
							"sx":1.5,
							"sy":1.5
						},
						{
							"t":32,
							"v":1,
							"x":-117,
							"y":-221,
							"sx":1.5,
							"sy":1.5,
							"a":0
						},
						{
							"t":33,
							"v":0
						}
					]
				},
				{
					"name":"icon_oneup_anim",
					"type":"mc",
					"frames":
					[
						{
							"t":0,
							"v":0
						},
						{
							"t":6,
							"v":1,
							"ease":100,
							"sx":0.1,
							"sy":0.1
						},
						{
							"t":15,
							"v":1,
							"ease":100,
							"sx":1.2,
							"sy":1.2
						},
						{
							"t":21,
							"v":1
						},
						{
							"t":25,
							"v":1,
							"ease":0
						},
						{
							"t":29,
							"v":1,
							"ease":0,
							"sx":1.1,
							"sy":1.1
						},
						{
							"t":33,
							"v":1
						}
					]
				}
			]
		},
		{
			"name":"Band_Left.png",
			"type":"bmp"
		},
		{
			"name":"standard_bricks_anim",
			"type":"mc",
			"frameCount":1,
			"children":
			[
				{
					"name":"Standard_Brick.png",
					"type":"bmp",
					"frames":
					[
						{
							"t":0,
							"v":1,
							"x":203,
							"y":19
						}
					]
				},
				{
					"name":"digit_1",
					"type":"mc",
					"frames":
					[
						{
							"t":0,
							"v":1,
							"x":40,
							"y":27
						}
					]
				},
				{
					"name":"digit_2",
					"type":"mc",
					"frames":
					[
						{
							"t":0,
							"v":1,
							"x":88,
							"y":27
						}
					]
				},
				{
					"name":"digit_3",
					"type":"mc",
					"frames":
					[
						{
							"t":0,
							"v":1,
							"x":136,
							"y":27
						}
					]
				},
				{
					"name":"Band_Left.png",
					"type":"bmp",
					"frames":
					[
						{
							"t":0,
							"v":1,
							"y":-1
						}
					]
				}
			]
		},
		{
			"name":"standard_bricks",
			"type":"mc",
			"labels":
			[
				{
					"t":1,
					"id":"IN"
				},
				{
					"t":10,
					"id":"OUT"
				}
			],
			"scripts":
			[
				{
					"t":0,
					"c":"stop"
				},
				{
					"t":9,
					"c":"stop"
				}
			],
			"frameCount":19,
			"children":
			[
				{
					"name":"standard_bricks_anim",
					"type":"mc",
					"frames":
					[
						{
							"t":0,
							"v":1,
							"ease":100,
							"x":-525,
							"y":-0.1,
							"sx":1.1,
							"sy":1.1
						},
						{
							"t":9,
							"v":1,
							"ease":-100,
							"y":-0.1,
							"sx":1.1,
							"sy":1.1
						},
						{
							"t":18,
							"v":1,
							"x":-525,
							"y":-0.1,
							"sx":1.1,
							"sy":1.1
						}
					]
				}
			]
		},
		{
			"name":"Golden_Brick.png",
			"type":"bmp"
		},
		{
			"name":"Band_Right.png",
			"type":"bmp"
		},
		{
			"name":"golden_bricks_anim",
			"type":"mc",
			"frameCount":1,
			"children":
			[
				{
					"name":"Golden_Brick.png",
					"type":"bmp",
					"frames":
					[
						{
							"t":0,
							"v":1,
							"x":-306,
							"y":-8
						}
					]
				},
				{
					"name":"digit_1",
					"type":"mc",
					"frames":
					[
						{
							"t":0,
							"v":1,
							"x":-167,
							"y":27
						}
					]
				},
				{
					"name":"digit_2",
					"type":"mc",
					"frames":
					[
						{
							"t":0,
							"v":1,
							"x":-95,
							"y":27
						}
					]
				},
				{
					"name":"Band_Right.png",
					"type":"bmp",
					"frames":
					[
						{
							"t":0,
							"v":1,
							"x":-357,
							"y":5
						}
					]
				}
			]
		},
		{
			"name":"golden_bricks",
			"type":"mc",
			"labels":
			[
				{
					"t":1,
					"id":"IN"
				},
				{
					"t":10,
					"id":"ADD"
				},
				{
					"t":39,
					"id":"OUT"
				}
			],
			"scripts":
			[
				{
					"t":0,
					"c":"stop"
				},
				{
					"t":9,
					"c":"stop"
				},
				{
					"t":38,
					"c":"stop"
				}
			],
			"frameCount":49,
			"children":
			[
				{
					"name":"star",
					"type":"mc",
					"frames":
					[
						{
							"t":0,
							"v":0
						},
						{
							"t":10,
							"v":1,
							"ease":0,
							"x":-150,
							"y":65
						},
						{
							"t":17,
							"v":1,
							"ease":0,
							"x":-149.9,
							"y":65,
							"sx":2.9999,
							"sy":3,
							"skx":90,
							"sky":90
						},
						{
							"t":37,
							"v":1,
							"x":-149.95,
							"y":64.95,
							"sx":0.5,
							"sy":0.5,
							"skx":179.19,
							"sky":179.19
						},
						{
							"t":38,
							"v":0
						}
					]
				},
				{
					"name":"golden_bricks_anim",
					"type":"mc",
					"frames":
					[
						{
							"t":0,
							"v":1,
							"ease":100,
							"x":524.9,
							"y":-0.05,
							"sx":1.1,
							"sy":1.1
						},
						{
							"t":9,
							"v":1,
							"ease":100,
							"x":-0.1,
							"y":-0.05,
							"sx":1.1,
							"sy":1.1
						},
						{
							"t":17,
							"v":1,
							"ease":100,
							"y":-7.5,
							"sx":1.1999,
							"sy":1.2
						},
						{
							"t":38,
							"v":1,
							"sx":1.1,
							"sy":1.1
						},
						{
							"t":39,
							"v":1,
							"ease":-100,
							"x":-0.1,
							"y":-0.05,
							"sx":1.1,
							"sy":1.1
						},
						{
							"t":48,
							"v":1,
							"ease":100,
							"x":524.9,
							"y":-0.05,
							"sx":1.1,
							"sy":1.1
						}
					]
				}
			]
		},
		{
			"name":"flag.png",
			"type":"bmp"
		},
		{
			"name":"distance_anim",
			"type":"mc",
			"frameCount":1,
			"children":
			[
				{
					"name":"digit_1",
					"type":"mc",
					"frames":
					[
						{
							"t":0,
							"v":1,
							"x":11.75,
							"y":26
						}
					]
				},
				{
					"name":"digit_2",
					"type":"mc",
					"frames":
					[
						{
							"t":0,
							"v":1,
							"x":57.75,
							"y":26
						}
					]
				},
				{
					"name":"digit_3",
					"type":"mc",
					"frames":
					[
						{
							"t":0,
							"v":1,
							"x":103.75,
							"y":26
						}
					]
				},
				{
					"name":"flag.png",
					"type":"bmp",
					"frames":
					[
						{
							"t":0,
							"v":1,
							"x":156,
							"y":-6,
							"sx":1.4,
							"sy":1.4
						}
					]
				},
				{
					"name":"Band_Left.png",
					"type":"bmp",
					"frames":
					[
						{
							"t":0,
							"v":1,
							"y":117,
							"sx":0.7,
							"skx":180
						}
					]
				}
			]
		},
		{
			"name":"distance",
			"type":"mc",
			"labels":
			[
				{
					"t":1,
					"id":"IN"
				},
				{
					"t":10,
					"id":"OUT"
				}
			],
			"scripts":
			[
				{
					"t":0,
					"c":"stop"
				},
				{
					"t":9,
					"c":"stop"
				}
			],
			"frameCount":19,
			"children":
			[
				{
					"name":"distance_anim",
					"type":"mc",
					"frames":
					[
						{
							"t":0,
							"v":1,
							"ease":100,
							"x":-250,
							"sx":0.9,
							"sy":0.9
						},
						{
							"t":9,
							"v":1,
							"ease":-100,
							"sx":0.9,
							"sy":0.9
						},
						{
							"t":18,
							"v":1,
							"ease":100,
							"x":-250,
							"sx":0.9,
							"sy":0.9
						}
					]
				}
			]
		},
		{
			"name":"golden_brick",
			"type":"mc",
			"frameCount":1,
			"children":
			[
				{
					"name":"Golden_Brick.png",
					"type":"bmp",
					"frames":
					[
						{
							"t":0,
							"v":1,
							"x":-130,
							"y":-127,
							"sx":2,
							"sy":2
						}
					]
				}
			]
		},
		{
			"name":"icon_golden_brick",
			"type":"mc",
			"labels":
			[
				{
					"t":1,
					"id":"SHOW"
				}
			],
			"scripts":
			[
				{
					"t":0,
					"c":"stop"
				}
			],
			"frameCount":35,
			"children":
			[
				{
					"name":"star",
					"type":"mc",
					"frames":
					[
						{
							"t":0,
							"v":0
						},
						{
							"t":6,
							"v":1,
							"ease":0,
							"x":30.9,
							"y":203.6,
							"sx":0.4995,
							"sy":0.4995,
							"skx":-19.83,
							"sky":-19.84
						},
						{
							"t":9,
							"v":1,
							"ease":0,
							"x":30.95,
							"y":173.55,
							"sx":2,
							"sy":2,
							"skx":-20,
							"sky":-20
						},
						{
							"t":28,
							"v":1,
							"ease":-100,
							"x":30.9,
							"y":173.6,
							"sx":1.9999,
							"sy":1.9999,
							"skx":45,
							"sky":45
						},
						{
							"t":34,
							"v":1,
							"x":444.9,
							"y":94.1,
							"sx":0.5,
							"sy":0.5,
							"skx":45,
							"sky":45
						}
					]
				},
				{
					"name":"golden_brick",
					"type":"mc",
					"frames":
					[
						{
							"t":0,
							"v":0
						},
						{
							"t":3,
							"v":1,
							"ease":0,
							"x":-0.05,
							"y":220,
							"sx":0.2,
							"sy":0.2,
							"skx":-170,
							"sky":-170
						},
						{
							"t":9,
							"v":1,
							"ease":0,
							"y":160
						},
						{
							"t":28,
							"v":1,
							"ease":0,
							"x":0.05,
							"y":159.85,
							"sx":1.1,
							"sy":1.1,
							"skx":5,
							"sky":5
						},
						{
							"t":34,
							"v":1,
							"x":439.9,
							"y":99.7,
							"sx":0.3,
							"sy":0.3,
							"skx":20,
							"sky":20
						}
					]
				},
				{
					"name":"star",
					"type":"mc",
					"frames":
					[
						{
							"t":0,
							"v":0
						},
						{
							"t":1,
							"v":1,
							"ease":99,
							"y":309.85
						},
						{
							"t":6,
							"v":1,
							"ease":0,
							"x":-0.25,
							"y":149,
							"sx":7.9998,
							"sy":16
						},
						{
							"t":28,
							"v":1,
							"ease":0,
							"x":-0.45,
							"y":149.1,
							"sx":8.9995,
							"sy":17.9956
						},
						{
							"t":34,
							"v":1,
							"x":437.95,
							"y":99.35,
							"sy":2
						}
					]
				}
			]
		},
		{
			"name":"Magnet_00.png",
			"type":"bmp"
		},
		{
			"name":"Magnet_01.png",
			"type":"bmp"
		},
		{
			"name":"Magnet_02.png",
			"type":"bmp"
		},
		{
			"name":"Magnet_03.png",
			"type":"bmp"
		},
		{
			"name":"Magnet_04.png",
			"type":"bmp"
		},
		{
			"name":"Magnet_05.png",
			"type":"bmp"
		},
		{
			"name":"Magnet_06.png",
			"type":"bmp"
		},
		{
			"name":"icon_magnet_anim",
			"type":"mc",
			"scripts":
			[
				{
					"t":13,
					"c":"stop"
				}
			],
			"frameCount":14,
			"children":
			[
				{
					"name":"Magnet_00.png",
					"type":"bmp",
					"frames":
					[
						{
							"t":0,
							"v":1,
							"x":-145,
							"y":-164
						},
						{
							"t":2,
							"v":0
						},
						{
							"t":4,
							"v":0
						},
						{
							"t":6,
							"v":0
						},
						{
							"t":8,
							"v":0
						},
						{
							"t":10,
							"v":0
						},
						{
							"t":12,
							"v":0
						}
					]
				},
				{
					"name":"Magnet_01.png",
					"type":"bmp",
					"frames":
					[
						{
							"t":0,
							"v":0
						},
						{
							"t":2,
							"v":1,
							"x":-145,
							"y":-164
						},
						{
							"t":4,
							"v":0
						},
						{
							"t":6,
							"v":0
						},
						{
							"t":8,
							"v":0
						},
						{
							"t":10,
							"v":0
						},
						{
							"t":12,
							"v":0
						}
					]
				},
				{
					"name":"Magnet_02.png",
					"type":"bmp",
					"frames":
					[
						{
							"t":0,
							"v":0
						},
						{
							"t":2,
							"v":0
						},
						{
							"t":4,
							"v":1,
							"x":-145,
							"y":-164
						},
						{
							"t":6,
							"v":0
						},
						{
							"t":8,
							"v":0
						},
						{
							"t":10,
							"v":0
						},
						{
							"t":12,
							"v":0
						}
					]
				},
				{
					"name":"Magnet_03.png",
					"type":"bmp",
					"frames":
					[
						{
							"t":0,
							"v":0
						},
						{
							"t":2,
							"v":0
						},
						{
							"t":4,
							"v":0
						},
						{
							"t":6,
							"v":1,
							"x":-145,
							"y":-164
						},
						{
							"t":8,
							"v":0
						},
						{
							"t":10,
							"v":0
						},
						{
							"t":12,
							"v":0
						}
					]
				},
				{
					"name":"Magnet_04.png",
					"type":"bmp",
					"frames":
					[
						{
							"t":0,
							"v":0
						},
						{
							"t":2,
							"v":0
						},
						{
							"t":4,
							"v":0
						},
						{
							"t":6,
							"v":0
						},
						{
							"t":8,
							"v":1,
							"x":-145,
							"y":-164
						},
						{
							"t":10,
							"v":0
						},
						{
							"t":12,
							"v":0
						}
					]
				},
				{
					"name":"Magnet_05.png",
					"type":"bmp",
					"frames":
					[
						{
							"t":0,
							"v":0
						},
						{
							"t":2,
							"v":0
						},
						{
							"t":4,
							"v":0
						},
						{
							"t":6,
							"v":0
						},
						{
							"t":8,
							"v":0
						},
						{
							"t":10,
							"v":1,
							"x":-145,
							"y":-164
						},
						{
							"t":12,
							"v":0
						}
					]
				},
				{
					"name":"Magnet_06.png",
					"type":"bmp",
					"frames":
					[
						{
							"t":0,
							"v":0
						},
						{
							"t":2,
							"v":0
						},
						{
							"t":4,
							"v":0
						},
						{
							"t":6,
							"v":0
						},
						{
							"t":8,
							"v":0
						},
						{
							"t":10,
							"v":0
						},
						{
							"t":12,
							"v":1,
							"x":-145,
							"y":-164
						}
					]
				}
			]
		},
		{
			"name":"icon_magnet",
			"type":"mc",
			"labels":
			[
				{
					"t":1,
					"id":"SHOW"
				},
				{
					"t":41,
					"id":"HIDE"
				}
			],
			"scripts":
			[
				{
					"t":0,
					"c":"stop"
				},
				{
					"t":40,
					"c":"stop"
				}
			],
			"frameCount":47,
			"children":
			[
				{
					"name":"star",
					"type":"mc",
					"frames":
					[
						{
							"t":0,
							"v":0
						},
						{
							"t":6,
							"v":1,
							"ease":0,
							"x":80.9,
							"y":611.1,
							"sx":0.4995,
							"sy":0.4995,
							"skx":-19.83,
							"sky":-19.84
						},
						{
							"t":9,
							"v":1,
							"ease":0,
							"x":90.95,
							"y":448.55,
							"sx":2,
							"sy":2,
							"skx":-20,
							"sky":-20
						},
						{
							"t":28,
							"v":1,
							"ease":-100,
							"x":90.9,
							"y":448.6,
							"sx":1.9999,
							"sy":1.9999,
							"skx":45,
							"sky":45
						},
						{
							"t":34,
							"v":1,
							"x":84.9,
							"y":221.6,
							"sx":0.5,
							"sy":0.5,
							"skx":45,
							"sky":45
						},
						{
							"t":35,
							"v":0
						}
					]
				},
				{
					"name":"icon_magnet_anim",
					"type":"mc",
					"frames":
					[
						{
							"t":0,
							"v":0
						},
						{
							"t":1,
							"v":1,
							"ease":100,
							"x":-0.25,
							"y":1385.05,
							"sx":0.0667,
							"sy":0.0228
						},
						{
							"t":9,
							"v":1,
							"ease":50,
							"x":-0.15,
							"y":584.95,
							"sx":1.4999,
							"sy":1.4999,
							"skx":2,
							"sky":2
						},
						{
							"t":28,
							"v":1,
							"ease":-100,
							"y":585,
							"sx":1.5999,
							"sy":1.5999
						},
						{
							"t":34,
							"v":1,
							"ease":99,
							"x":-0.15,
							"y":329.9,
							"sx":1.3,
							"sy":1.3
						},
						{
							"t":40,
							"v":1,
							"ease":-100,
							"x":-0.05,
							"y":159.95,
							"sx":0.9,
							"sy":0.9
						},
						{
							"t":46,
							"v":1,
							"ease":100,
							"x":-0.05,
							"y":-180
						}
					]
				},
				{
					"name":"star",
					"type":"mc",
					"frames":
					[
						{
							"t":0,
							"v":0
						},
						{
							"t":1,
							"v":1,
							"ease":99,
							"y":1384.85
						},
						{
							"t":6,
							"v":1,
							"ease":0,
							"x":-0.25,
							"y":709,
							"sx":7.9998,
							"sy":16
						},
						{
							"t":9,
							"v":1,
							"ease":0,
							"x":-0.25,
							"y":584,
							"sx":7.9998,
							"sy":16
						},
						{
							"t":28,
							"v":1,
							"ease":0,
							"x":-0.45,
							"y":584.1,
							"sx":8.9995,
							"sy":17.9956
						},
						{
							"t":34,
							"v":1,
							"x":-0.05,
							"y":314.85,
							"sy":2
						},
						{
							"t":35,
							"v":0
						}
					]
				}
			]
		},
		{
			"name":"Hourglass_00.png",
			"type":"bmp"
		},
		{
			"name":"Hourglass_01.png",
			"type":"bmp"
		},
		{
			"name":"Hourglass_02.png",
			"type":"bmp"
		},
		{
			"name":"Hourglass_03.png",
			"type":"bmp"
		},
		{
			"name":"Hourglass_04.png",
			"type":"bmp"
		},
		{
			"name":"Hourglass_05.png",
			"type":"bmp"
		},
		{
			"name":"Hourglass_06.png",
			"type":"bmp"
		},
		{
			"name":"icon_hourglass_anim",
			"type":"mc",
			"scripts":
			[
				{
					"t":13,
					"c":"stop"
				}
			],
			"frameCount":14,
			"children":
			[
				{
					"name":"Hourglass_00.png",
					"type":"bmp",
					"frames":
					[
						{
							"t":0,
							"v":1,
							"x":-145,
							"y":-164
						},
						{
							"t":2,
							"v":0
						},
						{
							"t":4,
							"v":0
						},
						{
							"t":6,
							"v":0
						},
						{
							"t":8,
							"v":0
						},
						{
							"t":10,
							"v":0
						},
						{
							"t":12,
							"v":0
						}
					]
				},
				{
					"name":"Hourglass_01.png",
					"type":"bmp",
					"frames":
					[
						{
							"t":0,
							"v":0
						},
						{
							"t":2,
							"v":1,
							"x":-145,
							"y":-164
						},
						{
							"t":4,
							"v":0
						},
						{
							"t":6,
							"v":0
						},
						{
							"t":8,
							"v":0
						},
						{
							"t":10,
							"v":0
						},
						{
							"t":12,
							"v":0
						}
					]
				},
				{
					"name":"Hourglass_02.png",
					"type":"bmp",
					"frames":
					[
						{
							"t":0,
							"v":0
						},
						{
							"t":2,
							"v":0
						},
						{
							"t":4,
							"v":1,
							"x":-145,
							"y":-164
						},
						{
							"t":6,
							"v":0
						},
						{
							"t":8,
							"v":0
						},
						{
							"t":10,
							"v":0
						},
						{
							"t":12,
							"v":0
						}
					]
				},
				{
					"name":"Hourglass_03.png",
					"type":"bmp",
					"frames":
					[
						{
							"t":0,
							"v":0
						},
						{
							"t":2,
							"v":0
						},
						{
							"t":4,
							"v":0
						},
						{
							"t":6,
							"v":1,
							"x":-145,
							"y":-164
						},
						{
							"t":8,
							"v":0
						},
						{
							"t":10,
							"v":0
						},
						{
							"t":12,
							"v":0
						}
					]
				},
				{
					"name":"Hourglass_04.png",
					"type":"bmp",
					"frames":
					[
						{
							"t":0,
							"v":0
						},
						{
							"t":2,
							"v":0
						},
						{
							"t":4,
							"v":0
						},
						{
							"t":6,
							"v":0
						},
						{
							"t":8,
							"v":1,
							"x":-145,
							"y":-164
						},
						{
							"t":10,
							"v":0
						},
						{
							"t":12,
							"v":0
						}
					]
				},
				{
					"name":"Hourglass_05.png",
					"type":"bmp",
					"frames":
					[
						{
							"t":0,
							"v":0
						},
						{
							"t":2,
							"v":0
						},
						{
							"t":4,
							"v":0
						},
						{
							"t":6,
							"v":0
						},
						{
							"t":8,
							"v":0
						},
						{
							"t":10,
							"v":1,
							"x":-145,
							"y":-164
						},
						{
							"t":12,
							"v":0
						}
					]
				},
				{
					"name":"Hourglass_06.png",
					"type":"bmp",
					"frames":
					[
						{
							"t":0,
							"v":0
						},
						{
							"t":2,
							"v":0
						},
						{
							"t":4,
							"v":0
						},
						{
							"t":6,
							"v":0
						},
						{
							"t":8,
							"v":0
						},
						{
							"t":10,
							"v":0
						},
						{
							"t":12,
							"v":1,
							"x":-145,
							"y":-164
						}
					]
				}
			]
		},
		{
			"name":"icon_hourglass",
			"type":"mc",
			"labels":
			[
				{
					"t":1,
					"id":"SHOW"
				},
				{
					"t":41,
					"id":"HIDE"
				}
			],
			"scripts":
			[
				{
					"t":0,
					"c":"stop"
				},
				{
					"t":40,
					"c":"stop"
				}
			],
			"frameCount":47,
			"children":
			[
				{
					"name":"star",
					"type":"mc",
					"frames":
					[
						{
							"t":0,
							"v":0
						},
						{
							"t":6,
							"v":1,
							"ease":0,
							"x":65.9,
							"y":1071.1,
							"sx":0.4995,
							"sy":0.4995,
							"skx":-19.83,
							"sky":-19.84
						},
						{
							"t":9,
							"v":1,
							"ease":0,
							"x":90,
							"y":695,
							"sx":2,
							"sy":2,
							"skx":-20,
							"sky":-20
						},
						{
							"t":28,
							"v":1,
							"ease":-100,
							"x":97.5,
							"y":710,
							"sx":1.9999,
							"sy":1.9999,
							"skx":45,
							"sky":45
						},
						{
							"t":34,
							"v":1,
							"x":84.9,
							"y":471.6,
							"sx":0.5,
							"sy":0.5,
							"skx":45,
							"sky":45
						},
						{
							"t":35,
							"v":0
						}
					]
				},
				{
					"name":"icon_hourglass_anim",
					"type":"mc",
					"frames":
					[
						{
							"t":0,
							"v":0
						},
						{
							"t":1,
							"v":1,
							"ease":100,
							"x":-0.25,
							"y":1385.05,
							"sx":0.0667,
							"sy":0.0228
						},
						{
							"t":9,
							"v":1,
							"ease":50,
							"x":-0.15,
							"y":584.95,
							"sx":1.4999,
							"sy":1.4999,
							"skx":2,
							"sky":2
						},
						{
							"t":28,
							"v":1,
							"ease":-100,
							"y":585,
							"sx":1.5999,
							"sy":1.5999
						},
						{
							"t":34,
							"v":1,
							"ease":99,
							"x":-0.15,
							"y":379.9,
							"sx":1.3,
							"sy":1.3
						},
						{
							"t":40,
							"v":1,
							"ease":-100,
							"x":-0.05,
							"y":159.95,
							"sx":0.9,
							"sy":0.9
						},
						{
							"t":46,
							"v":1,
							"ease":100,
							"x":-0.05,
							"y":-180
						}
					]
				},
				{
					"name":"star",
					"type":"mc",
					"frames":
					[
						{
							"t":0,
							"v":0
						},
						{
							"t":1,
							"v":1,
							"ease":99,
							"y":1384.85
						},
						{
							"t":6,
							"v":1,
							"ease":0,
							"x":-0.25,
							"y":684,
							"sx":7.9998,
							"sy":16
						},
						{
							"t":9,
							"v":1,
							"ease":0,
							"x":-0.25,
							"y":584,
							"sx":7.9998,
							"sy":16
						},
						{
							"t":28,
							"v":1,
							"ease":0,
							"x":-0.45,
							"y":584.1,
							"sx":8.9995,
							"sy":17.9956
						},
						{
							"t":34,
							"v":1,
							"x":-0.05,
							"y":364.85,
							"sy":2
						},
						{
							"t":35,
							"v":0
						}
					]
				}
			]
		},
		{
			"name":"BoulderBlaster.png",
			"type":"bmp"
		},
		{
			"name":"supercar",
			"type":"mc",
			"frameCount":1,
			"children":
			[
				{
					"name":"BoulderBlaster.png",
					"type":"bmp",
					"frames":
					[
						{
							"t":0,
							"v":1,
							"x":-183,
							"y":-112,
							"sx":1.15,
							"sy":1.2
						}
					]
				}
			]
		},
		{
			"name":"SupercarBG_00.png",
			"type":"bmp"
		},
		{
			"name":"SupercarBG_01.png",
			"type":"bmp"
		},
		{
			"name":"SupercarBG_02.png",
			"type":"bmp"
		},
		{
			"name":"SupercarBG_03.png",
			"type":"bmp"
		},
		{
			"name":"SupercarBG_04.png",
			"type":"bmp"
		},
		{
			"name":"SupercarBG_05.png",
			"type":"bmp"
		},
		{
			"name":"SupercarBG_06.png",
			"type":"bmp"
		},
		{
			"name":"icon_vehicle_anim",
			"type":"mc",
			"scripts":
			[
				{
					"t":13,
					"c":"stop"
				}
			],
			"frameCount":14,
			"children":
			[
				{
					"name":"SupercarBG_00.png",
					"type":"bmp",
					"frames":
					[
						{
							"t":0,
							"v":1,
							"x":-145,
							"y":-164
						},
						{
							"t":2,
							"v":0
						},
						{
							"t":4,
							"v":0
						},
						{
							"t":6,
							"v":0
						},
						{
							"t":8,
							"v":0
						},
						{
							"t":10,
							"v":0
						},
						{
							"t":12,
							"v":0
						}
					]
				},
				{
					"name":"SupercarBG_01.png",
					"type":"bmp",
					"frames":
					[
						{
							"t":0,
							"v":0
						},
						{
							"t":2,
							"v":1,
							"x":-145,
							"y":-164
						},
						{
							"t":4,
							"v":0
						},
						{
							"t":6,
							"v":0
						},
						{
							"t":8,
							"v":0
						},
						{
							"t":10,
							"v":0
						},
						{
							"t":12,
							"v":0
						}
					]
				},
				{
					"name":"SupercarBG_02.png",
					"type":"bmp",
					"frames":
					[
						{
							"t":0,
							"v":0
						},
						{
							"t":2,
							"v":0
						},
						{
							"t":4,
							"v":1,
							"x":-145,
							"y":-164
						},
						{
							"t":6,
							"v":0
						},
						{
							"t":8,
							"v":0
						},
						{
							"t":10,
							"v":0
						},
						{
							"t":12,
							"v":0
						}
					]
				},
				{
					"name":"SupercarBG_03.png",
					"type":"bmp",
					"frames":
					[
						{
							"t":0,
							"v":0
						},
						{
							"t":2,
							"v":0
						},
						{
							"t":4,
							"v":0
						},
						{
							"t":6,
							"v":1,
							"x":-145,
							"y":-164
						},
						{
							"t":8,
							"v":0
						},
						{
							"t":10,
							"v":0
						},
						{
							"t":12,
							"v":0
						}
					]
				},
				{
					"name":"SupercarBG_04.png",
					"type":"bmp",
					"frames":
					[
						{
							"t":0,
							"v":0
						},
						{
							"t":2,
							"v":0
						},
						{
							"t":4,
							"v":0
						},
						{
							"t":6,
							"v":0
						},
						{
							"t":8,
							"v":1,
							"x":-145,
							"y":-164
						},
						{
							"t":10,
							"v":0
						},
						{
							"t":12,
							"v":0
						}
					]
				},
				{
					"name":"SupercarBG_05.png",
					"type":"bmp",
					"frames":
					[
						{
							"t":0,
							"v":0
						},
						{
							"t":2,
							"v":0
						},
						{
							"t":4,
							"v":0
						},
						{
							"t":6,
							"v":0
						},
						{
							"t":8,
							"v":0
						},
						{
							"t":10,
							"v":1,
							"x":-149,
							"y":-164
						},
						{
							"t":12,
							"v":0
						}
					]
				},
				{
					"name":"SupercarBG_06.png",
					"type":"bmp",
					"frames":
					[
						{
							"t":0,
							"v":0
						},
						{
							"t":2,
							"v":0
						},
						{
							"t":4,
							"v":0
						},
						{
							"t":6,
							"v":0
						},
						{
							"t":8,
							"v":0
						},
						{
							"t":10,
							"v":0
						},
						{
							"t":12,
							"v":1,
							"x":-149,
							"y":-164
						}
					]
				}
			]
		},
		{
			"name":"icon_vehicle",
			"type":"mc",
			"labels":
			[
				{
					"t":1,
					"id":"SHOW"
				},
				{
					"t":41,
					"id":"HIDE"
				}
			],
			"scripts":
			[
				{
					"t":0,
					"c":"stop"
				},
				{
					"t":40,
					"c":"stop"
				}
			],
			"frameCount":47,
			"children":
			[
				{
					"name":"star",
					"type":"mc",
					"frames":
					[
						{
							"t":0,
							"v":0
						},
						{
							"t":6,
							"v":1,
							"ease":0,
							"x":90.9,
							"y":203.6,
							"sx":0.4995,
							"sy":0.4995,
							"skx":-19.83,
							"sky":-19.84
						},
						{
							"t":9,
							"v":1,
							"ease":0,
							"x":90.95,
							"y":173.55,
							"sx":2,
							"sy":2,
							"skx":-20,
							"sky":-20
						},
						{
							"t":28,
							"v":1,
							"ease":-100,
							"x":90.9,
							"y":173.6,
							"sx":1.9999,
							"sy":1.9999,
							"skx":45,
							"sky":45
						},
						{
							"t":34,
							"v":1,
							"x":84.9,
							"y":134.1,
							"sx":0.5,
							"sy":0.5,
							"skx":45,
							"sky":45
						},
						{
							"t":35,
							"v":0
						}
					]
				},
				{
					"name":"supercar",
					"type":"mc",
					"frames":
					[
						{
							"t":0,
							"v":0
						},
						{
							"t":6,
							"v":1,
							"ease":100,
							"x":134.45,
							"y":262.95,
							"sx":0.1,
							"sy":0.1
						},
						{
							"t":11,
							"v":1,
							"ease":0,
							"x":-87.5,
							"y":296,
							"sx":1.5,
							"sy":1.5
						},
						{
							"t":28,
							"v":1,
							"ease":-100,
							"x":-127.6,
							"y":306,
							"sx":1.7,
							"sy":1.7
						},
						{
							"t":34,
							"v":1,
							"ease":100,
							"x":-81.05,
							"y":232.5,
							"sx":1.2999,
							"sy":1.2999
						},
						{
							"t":40,
							"v":1,
							"ease":-100,
							"x":-44.6,
							"y":148.95,
							"sx":0.9,
							"sy":0.9
						},
						{
							"t":46,
							"v":1,
							"x":-44.6,
							"y":-176.05,
							"sx":0.9,
							"sy":0.9
						}
					]
				},
				{
					"name":"icon_vehicle_anim",
					"type":"mc",
					"frames":
					[
						{
							"t":0,
							"v":0
						},
						{
							"t":1,
							"v":1,
							"ease":100,
							"x":-0.1,
							"y":309.9,
							"sx":0.1,
							"sy":0.1
						},
						{
							"t":9,
							"v":1,
							"ease":50,
							"y":310,
							"sx":1.4999,
							"sy":1.4999
						},
						{
							"t":28,
							"v":1,
							"ease":-100,
							"y":310,
							"sx":1.5999,
							"sy":1.5999
						},
						{
							"t":34,
							"v":1,
							"ease":100,
							"x":-0.15,
							"y":242.4,
							"sx":1.3,
							"sy":1.3
						},
						{
							"t":40,
							"v":1,
							"ease":-100,
							"x":-0.05,
							"y":159.9,
							"sx":0.9,
							"sy":0.9
						},
						{
							"t":46,
							"v":1,
							"ease":100,
							"x":-0.05,
							"y":-179.9,
							"sx":0.9,
							"sy":0.9
						}
					]
				},
				{
					"name":"star",
					"type":"mc",
					"frames":
					[
						{
							"t":0,
							"v":0
						},
						{
							"t":1,
							"v":1,
							"ease":99,
							"y":309.85
						},
						{
							"t":6,
							"v":1,
							"ease":0,
							"x":-0.25,
							"y":309,
							"sx":7.9998,
							"sy":16
						},
						{
							"t":28,
							"v":1,
							"ease":0,
							"x":-0.45,
							"y":309.1,
							"sx":8.9995,
							"sy":17.9956
						},
						{
							"t":34,
							"v":1,
							"x":-0.05,
							"y":227.35,
							"sy":2
						},
						{
							"t":35,
							"v":0
						}
					]
				}
			]
		},
		{
			"name":"Pause.png",
			"type":"bmp"
		},
		{
			"name":"button_pause_anim",
			"type":"mc",
			"frameCount":1,
			"children":
			[
				{
					"name":"Pause.png",
					"type":"bmp",
					"frames":
					[
						{
							"t":0,
							"v":1,
							"x":-101,
							"y":-115
						}
					]
				}
			]
		},
		{
			"name":"button_pause",
			"type":"mc",
			"labels":
			[
				{
					"t":1,
					"id":"IN"
				},
				{
					"t":10,
					"id":"OUT"
				}
			],
			"scripts":
			[
				{
					"t":0,
					"c":"stop"
				},
				{
					"t":9,
					"c":"stop"
				}
			],
			"frameCount":17,
			"children":
			[
				{
					"name":"button_pause_anim",
					"type":"mc",
					"frames":
					[
						{
							"t":0,
							"v":0
						},
						{
							"t":1,
							"v":1,
							"ease":100,
							"sx":0.1,
							"sy":0.1
						},
						{
							"t":9,
							"v":1,
							"ease":-100
						},
						{
							"t":16,
							"v":1,
							"sx":0.1,
							"sy":0.1
						}
					]
				}
			]
		},
		{
			"name":"btn_next_glow.png",
			"type":"bmp"
		},
		{
			"name":"btn_next_glow",
			"type":"mc",
			"frameCount":1,
			"children":
			[
				{
					"name":"btn_next_glow.png",
					"type":"bmp",
					"frames":
					[
						{
							"t":0,
							"v":1,
							"x":-148,
							"y":-164,
							"sx":2,
							"sy":2
						}
					]
				}
			]
		},
		{
			"name":"btn_next.png",
			"type":"bmp"
		},
		{
			"name":"btn_next_anim",
			"type":"mc",
			"frameCount":1,
			"children":
			[
				{
					"name":"btn_next.png",
					"type":"bmp",
					"frames":
					[
						{
							"t":0,
							"v":1,
							"x":-148,
							"y":-165,
							"sx":2,
							"sy":2
						}
					]
				}
			]
		},
		{
			"name":"btn_next",
			"type":"mc",
			"labels":
			[
				{
					"t":0,
					"id":"LOOP"
				},
				{
					"t":44,
					"id":"OVER"
				},
				{
					"t":46,
					"id":"OUT"
				}
			],
			"scripts":
			[
				{
					"t":39,
					"p":"LOOP",
					"c":"gotoAndPlay"
				},
				{
					"t":45,
					"c":"stop"
				}
			],
			"frameCount":51,
			"children":
			[
				{
					"name":"btn_next_glow",
					"type":"mc",
					"frames":
					[
						{
							"t":0,
							"v":1,
							"ease":0,
							"a":40
						},
						{
							"t":19,
							"v":1,
							"ease":0,
							"sx":1.02,
							"sy":1.02
						},
						{
							"t":39,
							"v":1,
							"a":40
						},
						{
							"t":44,
							"v":1
						},
						{
							"t":45,
							"v":1,
							"ease":0
						},
						{
							"t":50,
							"v":1,
							"a":40
						}
					]
				},
				{
					"name":"btn_next_anim",
					"type":"mc",
					"frames":
					[
						{
							"t":0,
							"v":1
						}
					]
				}
			]
		},
		{
			"name":"btn_retry_glow.png",
			"type":"bmp"
		},
		{
			"name":"btn_retry_glow",
			"type":"mc",
			"frameCount":1,
			"children":
			[
				{
					"name":"btn_retry_glow.png",
					"type":"bmp",
					"frames":
					[
						{
							"t":0,
							"v":1,
							"x":-148,
							"y":-164,
							"sx":2,
							"sy":2
						}
					]
				}
			]
		},
		{
			"name":"btn_retry.png",
			"type":"bmp"
		},
		{
			"name":"btn_retry",
			"type":"mc",
			"labels":
			[
				{
					"t":1,
					"id":"OVER"
				},
				{
					"t":7,
					"id":"OUT"
				}
			],
			"scripts":
			[
				{
					"t":0,
					"c":"stop"
				},
				{
					"t":6,
					"c":"stop"
				}
			],
			"frameCount":12,
			"children":
			[
				{
					"name":"btn_retry_glow",
					"type":"mc",
					"frames":
					[
						{
							"t":0,
							"v":0
						},
						{
							"t":1,
							"v":1,
							"ease":0,
							"a":0
						},
						{
							"t":6,
							"v":1,
							"ease":0
						},
						{
							"t":11,
							"v":1,
							"a":0
						}
					]
				},
				{
					"name":"btn_retry.png",
					"type":"bmp",
					"frames":
					[
						{
							"t":0,
							"v":1,
							"x":-146,
							"y":-164,
							"sx":2,
							"sy":2
						}
					]
				}
			]
		},
		{
			"name":"btn_home.png",
			"type":"bmp"
		},
		{
			"name":"btn_home",
			"type":"mc",
			"labels":
			[
				{
					"t":1,
					"id":"OVER"
				},
				{
					"t":7,
					"id":"OUT"
				}
			],
			"scripts":
			[
				{
					"t":0,
					"c":"stop"
				},
				{
					"t":6,
					"c":"stop"
				}
			],
			"frameCount":12,
			"children":
			[
				{
					"name":"btn_home_glow",
					"type":"mc",
					"frames":
					[
						{
							"t":0,
							"v":0
						},
						{
							"t":1,
							"v":1,
							"ease":0,
							"a":0
						},
						{
							"t":6,
							"v":1,
							"ease":0
						},
						{
							"t":11,
							"v":1,
							"a":0
						}
					]
				},
				{
					"name":"btn_home.png",
					"type":"bmp",
					"frames":
					[
						{
							"t":0,
							"v":1,
							"x":-146,
							"y":-164,
							"sx":2,
							"sy":2
						}
					]
				}
			]
		},
		{
			"name":"result_buttons",
			"type":"mc",
			"labels":
			[
				{
					"t":1,
					"id":"IN"
				},
				{
					"t":18,
					"id":"OUT"
				}
			],
			"scripts":
			[
				{
					"t":0,
					"c":"stop"
				},
				{
					"t":17,
					"c":"stop"
				}
			],
			"frameCount":23,
			"children":
			[
				{
					"name":"btn_next",
					"type":"mc",
					"frames":
					[
						{
							"t":0,
							"v":0
						},
						{
							"t":7,
							"v":1,
							"ease":100,
							"y":177.95,
							"sx":0.1,
							"sy":0.1
						},
						{
							"t":12,
							"v":1,
							"ease":100,
							"y":177.95,
							"sx":1.1,
							"sy":1.1
						},
						{
							"t":17,
							"v":1,
							"ease":-100,
							"y":178
						},
						{
							"t":22,
							"v":1,
							"y":177.95,
							"sx":0.1,
							"sy":0.1
						}
					]
				},
				{
					"name":"btn_retry",
					"type":"mc",
					"frames":
					[
						{
							"t":0,
							"v":0
						},
						{
							"t":4,
							"v":1,
							"ease":100,
							"x":159.95,
							"y":-90.05,
							"sx":0.1,
							"sy":0.1
						},
						{
							"t":9,
							"v":1,
							"ease":100,
							"x":159.95,
							"y":-90.05,
							"sx":1.1,
							"sy":1.1
						},
						{
							"t":14,
							"v":1,
							"x":160,
							"y":-90
						},
						{
							"t":17,
							"v":1,
							"ease":-100,
							"x":160,
							"y":-90
						},
						{
							"t":22,
							"v":1,
							"x":159.95,
							"y":-90.05,
							"sx":0.1,
							"sy":0.1
						}
					]
				},
				{
					"name":"btn_home",
					"type":"mc",
					"frames":
					[
						{
							"t":0,
							"v":0
						},
						{
							"t":1,
							"v":1,
							"ease":100,
							"x":-159.95,
							"y":-90.05,
							"sx":0.1,
							"sy":0.1
						},
						{
							"t":6,
							"v":1,
							"ease":100,
							"x":-159.95,
							"y":-90.05,
							"sx":1.1,
							"sy":1.1
						},
						{
							"t":11,
							"v":1,
							"x":-160,
							"y":-90
						},
						{
							"t":17,
							"v":1,
							"ease":-100,
							"x":-160,
							"y":-90
						},
						{
							"t":22,
							"v":1,
							"x":-159.95,
							"y":-90.05,
							"sx":0.1,
							"sy":0.1
						}
					]
				}
			]
		},
		{
			"name":"100px_white.png",
			"type":"bmp"
		},
		{
			"name":"result_abort_click",
			"type":"mc",
			"frameCount":1,
			"children":
			[
				{
					"name":"100px_white.png",
					"type":"bmp",
					"frames":
					[
						{
							"t":0,
							"v":1,
							"sx":11,
							"sy":20
						}
					]
				}
			]
		},
		{
			"name":"stars_anim",
			"type":"mc",
			"frameCount":57,
			"children":
			[
				{
					"name":"star",
					"type":"mc",
					"frames":
					[
						{
							"t":0,
							"v":0
						},
						{
							"t":19,
							"v":1,
							"ease":0,
							"x":270.05,
							"y":-30.55,
							"sx":0.1998,
							"sy":0.1998,
							"skx":-19.79,
							"sky":-19.79,
							"a":0
						},
						{
							"t":38,
							"v":1,
							"ease":0,
							"x":270.25,
							"y":-30.65,
							"sx":0.6,
							"sy":0.6
						},
						{
							"t":55,
							"v":1,
							"x":270.1,
							"y":-30.45,
							"sx":0.1998,
							"sy":0.1998,
							"skx":20,
							"sky":20,
							"a":0
						},
						{
							"t":56,
							"v":0
						}
					]
				},
				{
					"name":"star",
					"type":"mc",
					"frames":
					[
						{
							"t":0,
							"v":0
						},
						{
							"t":9,
							"v":1,
							"ease":0,
							"x":55.05,
							"y":74.45,
							"sx":0.1998,
							"sy":0.1998,
							"skx":-19.79,
							"sky":-19.79,
							"a":0
						},
						{
							"t":28,
							"v":1,
							"ease":0,
							"x":55.25,
							"y":74.35,
							"sx":0.6,
							"sy":0.6
						},
						{
							"t":45,
							"v":1,
							"x":55.1,
							"y":74.55,
							"sx":0.1998,
							"sy":0.1998,
							"skx":20,
							"sky":20,
							"a":0
						},
						{
							"t":46,
							"v":0
						}
					]
				},
				{
					"name":"star",
					"type":"mc",
					"frames":
					[
						{
							"t":0,
							"v":1,
							"ease":0,
							"x":-229.95,
							"y":-80.05,
							"sx":0.1998,
							"sy":0.1998,
							"skx":-19.79,
							"sky":-19.79,
							"a":0
						},
						{
							"t":19,
							"v":1,
							"ease":0,
							"x":-229.75,
							"y":-80.15,
							"sx":0.6,
							"sy":0.6
						},
						{
							"t":36,
							"v":1,
							"x":-229.9,
							"y":-79.95,
							"sx":0.1998,
							"sy":0.1998,
							"skx":20,
							"sky":20,
							"a":0
						},
						{
							"t":37,
							"v":0
						}
					]
				}
			]
		},
		{
			"name":"digit_4",
			"type":"mc",
			"scripts":
			[
				{
					"t":0,
					"c":"stop"
				}
			],
			"frameCount":10,
			"children":
			[
				{
					"name":"Digits.png",
					"type":"bmp",
					"frames":
					[
						{
							"t":0,
							"v":1
						},
						{
							"t":1,
							"v":1,
							"y":-66
						},
						{
							"t":2,
							"v":1,
							"y":-132
						},
						{
							"t":3,
							"v":1,
							"y":-198
						},
						{
							"t":4,
							"v":1,
							"y":-264
						},
						{
							"t":5,
							"v":1,
							"y":-330
						},
						{
							"t":6,
							"v":1,
							"y":-396
						},
						{
							"t":7,
							"v":1,
							"y":-462
						},
						{
							"t":8,
							"v":1,
							"y":-528
						},
						{
							"t":9,
							"v":1,
							"y":-594
						}
					]
				}
			]
		},
		{
			"name":"digits_total",
			"type":"mc",
			"frameCount":1,
			"children":
			[
				{
					"name":"digit_1",
					"type":"mc",
					"frames":
					[
						{
							"t":0,
							"v":1
						}
					]
				},
				{
					"name":"digit_2",
					"type":"mc",
					"frames":
					[
						{
							"t":0,
							"v":1,
							"x":48
						}
					]
				},
				{
					"name":"digit_3",
					"type":"mc",
					"frames":
					[
						{
							"t":0,
							"v":1,
							"x":96
						}
					]
				},
				{
					"name":"digit_4",
					"type":"mc",
					"frames":
					[
						{
							"t":0,
							"v":1,
							"x":144
						}
					]
				}
			]
		},
		{
			"name":"total_bg.png",
			"type":"bmp"
		},
		{
			"name":"result_total",
			"type":"mc",
			"frameCount":1,
			"children":
			[
				{
					"name":"stars_anim",
					"type":"mc",
					"frames":
					[
						{
							"t":0,
							"v":1
						}
					]
				},
				{
					"name":"digits_total",
					"type":"mc",
					"frames":
					[
						{
							"t":0,
							"v":1,
							"x":-161.9,
							"y":-52,
							"sx":1.5999,
							"sy":1.6
						}
					]
				},
				{
					"name":"total_bg.png",
					"type":"bmp",
					"frames":
					[
						{
							"t":0,
							"v":1,
							"x":-390,
							"y":-137,
							"sx":2,
							"sy":2
						}
					]
				}
			]
		},
		{
			"name":"New_Record",
			"type":"bmp"
		},
		{
			"name":"glow_rays.png",
			"type":"bmp"
		},
		{
			"name":"new_record",
			"type":"mc",
			"frameCount":1,
			"children":
			[
				{
					"name":"New_Record",
					"type":"bmp",
					"frames":
					[
						{
							"t":0,
							"v":1,
							"x":-160,
							"y":-65
						}
					]
				},
				{
					"name":"total_bg.png",
					"type":"bmp",
					"frames":
					[
						{
							"t":0,
							"v":1,
							"x":-231,
							"y":-130,
							"sx":1.1824,
							"sy":2.0437
						}
					]
				},
				{
					"name":"glow_rays.png",
					"type":"bmp",
					"frames":
					[
						{
							"t":0,
							"v":1,
							"x":-244,
							"y":-200,
							"sy":0.8214
						}
					]
				}
			]
		},
		{
			"name":"multiply.png",
			"type":"bmp"
		},
		{
			"name":"result_standard_bricks_static",
			"type":"mc",
			"frameCount":1,
			"children":
			[
				{
					"name":"Digits.png",
					"type":"bmp",
					"frames":
					[
						{
							"t":0,
							"v":1,
							"x":56,
							"y":-198
						}
					]
				},
				{
					"name":"multiply.png",
					"type":"bmp",
					"frames":
					[
						{
							"t":0,
							"v":1,
							"x":14,
							"y":16,
							"sx":0.7,
							"sy":0.7
						}
					]
				}
			]
		},
		{
			"name":"result_standard_bricks",
			"type":"mc",
			"frameCount":1,
			"children":
			[
				{
					"name":"digits",
					"type":"mc",
					"frames":
					[
						{
							"t":0,
							"v":1,
							"x":60,
							"y":-40,
							"sx":1.2,
							"sy":1.2
						}
					]
				},
				{
					"name":"result_standard_bricks_static",
					"type":"mc",
					"frames":
					[
						{
							"t":0,
							"v":1,
							"x":-140,
							"y":-29.95,
							"sx":0.8,
							"sy":0.8
						}
					]
				},
				{
					"name":"Standard_Brick.png",
					"type":"bmp",
					"frames":
					[
						{
							"t":0,
							"v":1,
							"x":-262,
							"y":-46,
							"sx":1.0999,
							"sy":1.1
						}
					]
				}
			]
		},
		{
			"name":"result_golden_bricks_static",
			"type":"mc",
			"frameCount":1,
			"children":
			[
				{
					"name":"Digits.png",
					"type":"bmp",
					"frames":
					[
						{
							"t":0,
							"v":1,
							"x":56,
							"y":-66
						}
					]
				},
				{
					"name":"Digits.png",
					"type":"bmp",
					"frames":
					[
						{
							"t":0,
							"v":1,
							"x":98,
							"y":-330
						}
					]
				},
				{
					"name":"Digits.png",
					"type":"bmp",
					"frames":
					[
						{
							"t":0,
							"v":1,
							"x":147
						}
					]
				},
				{
					"name":"multiply.png",
					"type":"bmp",
					"frames":
					[
						{
							"t":0,
							"v":1,
							"x":14,
							"y":16,
							"sx":0.7,
							"sy":0.7
						}
					]
				}
			]
		},
		{
			"name":"result_golden_bricks",
			"type":"mc",
			"frameCount":1,
			"children":
			[
				{
					"name":"digits",
					"type":"mc",
					"frames":
					[
						{
							"t":0,
							"v":1,
							"x":60,
							"y":-40,
							"sx":1.2,
							"sy":1.2
						}
					]
				},
				{
					"name":"result_golden_bricks_static",
					"type":"mc",
					"frames":
					[
						{
							"t":0,
							"v":1,
							"x":-139.95,
							"y":-29.95,
							"sx":0.8,
							"sy":0.8
						}
					]
				},
				{
					"name":"Golden_Brick.png",
					"type":"bmp",
					"frames":
					[
						{
							"t":0,
							"v":1,
							"x":-274,
							"y":-66,
							"sx":0.9,
							"sy":0.9
						}
					]
				}
			]
		},
		{
			"name":"result_distance_static",
			"type":"mc",
			"frameCount":1,
			"children":
			[
				{
					"name":"multiply.png",
					"type":"bmp",
					"frames":
					[
						{
							"t":0,
							"v":1,
							"x":14,
							"y":16,
							"sx":0.7,
							"sy":0.7
						}
					]
				},
				{
					"name":"Digits.png",
					"type":"bmp",
					"frames":
					[
						{
							"t":0,
							"v":1,
							"x":56,
							"y":-66
						}
					]
				},
				{
					"name":"Digits.png",
					"type":"bmp",
					"frames":
					[
						{
							"t":0,
							"v":1,
							"x":98,
							"y":-330
						}
					]
				}
			]
		},
		{
			"name":"result_distance",
			"type":"mc",
			"frameCount":1,
			"children":
			[
				{
					"name":"digits",
					"type":"mc",
					"frames":
					[
						{
							"t":0,
							"v":1,
							"x":60,
							"y":-40,
							"sx":1.2,
							"sy":1.2
						}
					]
				},
				{
					"name":"result_distance_static",
					"type":"mc",
					"frames":
					[
						{
							"t":0,
							"v":1,
							"x":-140,
							"y":-29.95,
							"sx":0.8,
							"sy":0.8
						}
					]
				},
				{
					"name":"flag.png",
					"type":"bmp",
					"frames":
					[
						{
							"t":0,
							"v":1,
							"x":-258,
							"y":-67,
							"sx":1.6999,
							"sy":1.7
						}
					]
				}
			]
		},
		{
			"name":"result_screen",
			"type":"mc",
			"labels":
			[
				{
					"t":41,
					"id":"COMPLETE"
				},
				{
					"t":44,
					"id":"COMPLETE_RECORD"
				},
				{
					"t":71,
					"id":"OUT"
				}
			],
			"scripts":
			[
				{
					"t":0,
					"c":"stop"
				},
				{
					"t":21,
					"c":"stop"
				},
				{
					"t":31,
					"c":"stop"
				},
				{
					"t":41,
					"c":"stop"
				},
				{
					"t":69,
					"c":"stop"
				}
			],
			"frameCount":77,
			"children":
			[
				{
					"name":"result_abort_click",
					"type":"mc",
					"frames":
					[
						{
							"t":0,
							"v":0
						},
						{
							"t":1,
							"v":1,
							"x":-550,
							"y":-1000,
							"a":0
						}
					]
				},
				{
					"name":"result_total",
					"type":"mc",
					"frames":
					[
						{
							"t":0,
							"v":0
						},
						{
							"t":6,
							"v":1,
							"ease":0,
							"y":-254.95,
							"sx":0.1,
							"sy":0.1
						},
						{
							"t":11,
							"v":1,
							"ease":0,
							"y":135.05,
							"sx":1.1,
							"sy":1.1
						},
						{
							"t":16,
							"v":1,
							"y":95
						},
						{
							"t":70,
							"v":1,
							"ease":-100,
							"y":95
						},
						{
							"t":75,
							"v":1,
							"x":-0.9,
							"y":-206.45,
							"sx":0.1,
							"sy":0.1
						},
						{
							"t":76,
							"v":0
						}
					]
				},
				{
					"name":"star",
					"type":"mc",
					"frames":
					[
						{
							"t":0,
							"v":0
						},
						{
							"t":49,
							"v":1,
							"ease":0,
							"x":161.95,
							"y":-64,
							"sx":0.1,
							"sy":0.1,
							"skx":-40,
							"sky":-40
						},
						{
							"t":53,
							"v":1,
							"ease":0,
							"x":162,
							"y":-64
						},
						{
							"t":64,
							"v":1,
							"ease":0,
							"x":161.95,
							"y":-63.9,
							"sx":0.8,
							"sy":0.8,
							"skx":20,
							"sky":20
						},
						{
							"t":68,
							"v":1,
							"x":161.95,
							"y":-64,
							"sx":0.1,
							"sy":0.1,
							"skx":40,
							"sky":40
						},
						{
							"t":69,
							"v":0
						}
					]
				},
				{
					"name":"new_record",
					"type":"mc",
					"frames":
					[
						{
							"t":0,
							"v":0
						},
						{
							"t":44,
							"v":1,
							"ease":100,
							"x":3.4,
							"y":93.6,
							"sy":0.5
						},
						{
							"t":49,
							"v":1,
							"ease":100,
							"x":3.4,
							"y":-26.3,
							"sy":1.1
						},
						{
							"t":54,
							"v":1,
							"x":3.4,
							"y":-6.35
						},
						{
							"t":70,
							"v":0
						}
					]
				},
				{
					"name":"result_standard_bricks",
					"type":"mc",
					"frames":
					[
						{
							"t":0,
							"v":0
						},
						{
							"t":11,
							"v":1,
							"ease":100,
							"y":-294.95,
							"sx":0.1,
							"sy":0.1
						},
						{
							"t":16,
							"v":1,
							"ease":100,
							"y":-404.9,
							"sx":1.1,
							"sy":1.1
						},
						{
							"t":21,
							"v":1,
							"y":-435
						},
						{
							"t":70,
							"v":1,
							"ease":-100,
							"y":-435
						},
						{
							"t":75,
							"v":1,
							"x":-0.9,
							"y":-291.45,
							"sx":0.1,
							"sy":0.1
						},
						{
							"t":76,
							"v":0
						}
					]
				},
				{
					"name":"result_golden_bricks",
					"type":"mc",
					"frames":
					[
						{
							"t":0,
							"v":0
						},
						{
							"t":22,
							"v":1,
							"ease":100,
							"y":-284.95,
							"sx":0.1,
							"sy":0.1
						},
						{
							"t":27,
							"v":1,
							"ease":100,
							"y":-264.9,
							"sx":1.1,
							"sy":1.1
						},
						{
							"t":31,
							"v":1,
							"y":-305
						},
						{
							"t":70,
							"v":1,
							"ease":-100,
							"y":-305
						},
						{
							"t":75,
							"v":1,
							"x":-0.9,
							"y":-278.45,
							"sx":0.1,
							"sy":0.1
						},
						{
							"t":76,
							"v":0
						}
					]
				},
				{
					"name":"result_distance",
					"type":"mc",
					"frames":
					[
						{
							"t":0,
							"v":0
						},
						{
							"t":32,
							"v":1,
							"ease":100,
							"y":-274.95,
							"sx":0.1,
							"sy":0.1
						},
						{
							"t":37,
							"v":1,
							"ease":100,
							"y":-115,
							"sx":1.1,
							"sy":1.1
						},
						{
							"t":41,
							"v":1,
							"y":-175
						},
						{
							"t":70,
							"v":1,
							"ease":-100,
							"y":-175
						},
						{
							"t":75,
							"v":1,
							"x":-0.9,
							"y":-265.45,
							"sx":0.1,
							"sy":0.1
						},
						{
							"t":76,
							"v":0
						}
					]
				}
			]
		},
		{
			"name":"You_did_it!",
			"type":"bmp"
		},
		{
			"name":"result_bg.png",
			"type":"bmp"
		},
		{
			"name":"result_head",
			"type":"mc",
			"frameCount":1,
			"children":
			[
				{
					"name":"You_did_it!",
					"type":"bmp",
					"frames":
					[
						{
							"t":0,
							"v":1,
							"x":-240,
							"y":-45
						}
					]
				},
				{
					"name":"result_bg.png",
					"type":"bmp",
					"frames":
					[
						{
							"t":0,
							"v":1,
							"x":-388,
							"y":-137,
							"sx":2,
							"sy":2
						}
					]
				}
			]
		},
		{
			"name":"glowrays",
			"type":"mc",
			"frameCount":1,
			"children":
			[
				{
					"name":"glow_rays.png",
					"type":"bmp",
					"frames":
					[
						{
							"t":0,
							"v":1,
							"x":-243.5,
							"y":-243.5
						}
					]
				}
			]
		},
		{
			"name":"fail_txt.png",
			"type":"bmp"
		},
		{
			"name":"fail_head",
			"type":"mc",
			"frameCount":1,
			"children":
			[
				{
					"name":"fail_txt.png",
					"type":"bmp",
					"frames":
					[
						{
							"t":0,
							"v":1,
							"x":-175,
							"y":-60
						}
					]
				}
			]
		},
		{
			"name":"red_brush.png",
			"type":"bmp"
		},
		{
			"name":"fail_brush",
			"type":"mc",
			"frameCount":1,
			"children":
			[
				{
					"name":"red_brush.png",
					"type":"bmp",
					"frames":
					[
						{
							"t":0,
							"v":1,
							"x":-309,
							"y":-68.5
						}
					]
				}
			]
		},
		{
			"name":"result_intro",
			"type":"mc",
			"labels":
			[
				{
					"t":0,
					"id":"SUCCESS"
				},
				{
					"t":20,
					"id":"SUCCESS_OUT"
				},
				{
					"t":27,
					"id":"FAIL"
				},
				{
					"t":39,
					"id":"FAIL_OUT"
				}
			],
			"scripts":
			[
				{
					"t":0,
					"c":"stop"
				},
				{
					"t":19,
					"c":"stop"
				},
				{
					"t":25,
					"c":"stop"
				},
				{
					"t":38,
					"c":"stop"
				}
			],
			"frameCount":46,
			"children":
			[
				{
					"name":"result_head",
					"type":"mc",
					"frames":
					[
						{
							"t":0,
							"v":0
						},
						{
							"t":1,
							"v":1,
							"ease":-100,
							"x":-0.05,
							"y":-425,
							"sx":5.9997,
							"sy":5.9998,
							"skx":10,
							"sky":10
						},
						{
							"t":11,
							"v":1,
							"ease":100,
							"y":-664.85,
							"sx":1.1,
							"sy":1.1
						},
						{
							"t":16,
							"v":1,
							"y":-664.95,
							"sx":1.2,
							"sy":1.2
						},
						{
							"t":19,
							"v":1,
							"ease":-100,
							"y":-664.9,
							"sx":1.2,
							"sy":1.2
						},
						{
							"t":24,
							"v":1,
							"x":-0.9,
							"y":-413.45,
							"sx":0.1,
							"sy":0.1
						},
						{
							"t":25,
							"v":0
						}
					]
				},
				{
					"name":"glowrays",
					"type":"mc",
					"frames":
					[
						{
							"t":0,
							"v":0
						},
						{
							"t":6,
							"v":1,
							"ease":100,
							"y":-419.95,
							"sx":0.1,
							"sy":0.1
						},
						{
							"t":16,
							"v":1,
							"y":-420,
							"sx":5.9997,
							"sy":5.9999
						},
						{
							"t":19,
							"v":1,
							"ease":-100,
							"y":-420,
							"sx":5.9997,
							"sy":5.9999
						},
						{
							"t":24,
							"v":1,
							"y":-419.95,
							"sx":0.1,
							"sy":0.1
						},
						{
							"t":25,
							"v":0
						}
					]
				},
				{
					"name":"fail_head",
					"type":"mc",
					"frames":
					[
						{
							"t":0,
							"v":0
						},
						{
							"t":27,
							"v":1,
							"ease":0,
							"x":-0.05,
							"y":-695,
							"sx":5.9993,
							"sy":5.9995,
							"skx":-10,
							"sky":-10
						},
						{
							"t":33,
							"v":1,
							"ease":100,
							"x":-0.1,
							"y":-654.9,
							"sx":1.3997,
							"sy":1.3997,
							"skx":-4,
							"sky":-4
						},
						{
							"t":38,
							"v":1,
							"ease":0,
							"y":-654.85,
							"sx":1.4997,
							"sy":1.4996,
							"skx":-3,
							"sky":-3
						},
						{
							"t":44,
							"v":1,
							"x":0.05,
							"y":-654.95,
							"sx":0.1,
							"sy":0.1,
							"skx":-2.8,
							"sky":-2.81
						},
						{
							"t":45,
							"v":0
						}
					]
				},
				{
					"name":"fail_brush",
					"type":"mc",
					"frames":
					[
						{
							"t":0,
							"v":0
						},
						{
							"t":27,
							"v":1,
							"ease":100,
							"x":-1021.95,
							"y":-827.5,
							"sx":1.9999,
							"sy":1.9999,
							"skx":180,
							"sky":180
						},
						{
							"t":32,
							"v":1,
							"x":-41.95,
							"y":-907.5,
							"sx":1.9999,
							"sy":1.9999,
							"skx":180,
							"sky":180
						},
						{
							"t":38,
							"v":1,
							"ease":-100,
							"x":-41.95,
							"y":-907.5,
							"sx":1.9999,
							"sy":1.9999,
							"skx":180,
							"sky":180
						},
						{
							"t":44,
							"v":1,
							"x":-1021.95,
							"y":-827.5,
							"sx":1.9999,
							"sy":1.9999,
							"skx":180,
							"sky":180
						},
						{
							"t":45,
							"v":0
						}
					]
				},
				{
					"name":"fail_brush",
					"type":"mc",
					"frames":
					[
						{
							"t":0,
							"v":0
						},
						{
							"t":30,
							"v":1,
							"ease":100,
							"x":1648.15,
							"y":-817.5,
							"sx":2.4999,
							"sy":1.9999
						},
						{
							"t":35,
							"v":1,
							"x":428.15,
							"y":-757.5,
							"sx":2.4999,
							"sy":1.9999
						},
						{
							"t":38,
							"v":1,
							"ease":-100,
							"x":428.15,
							"y":-757.5,
							"sx":2.4999,
							"sy":1.9999
						},
						{
							"t":44,
							"v":1,
							"x":1648.15,
							"y":-817.5,
							"sx":2.4999,
							"sy":1.9999
						},
						{
							"t":45,
							"v":0
						}
					]
				},
				{
					"name":"fail_brush",
					"type":"mc",
					"frames":
					[
						{
							"t":0,
							"v":0
						},
						{
							"t":33,
							"v":1,
							"ease":100,
							"x":-1351.7,
							"y":-522.3,
							"sx":1.9991,
							"sy":1.9991,
							"skx":-7,
							"sky":172.99
						},
						{
							"t":38,
							"v":1,
							"ease":-100,
							"x":-231.7,
							"y":-582.3,
							"sx":1.9991,
							"sy":1.9991,
							"skx":-7,
							"sky":172.99
						},
						{
							"t":44,
							"v":1,
							"x":-1351.7,
							"y":-522.3,
							"sx":1.9991,
							"sy":1.9991,
							"skx":-7,
							"sky":172.99
						},
						{
							"t":45,
							"v":0
						}
					]
				}
			]
		},
		{
			"name":"countdown_digit",
			"type":"mc",
			"frameCount":6,
			"children":
			[
				{
					"name":"Digits.png",
					"type":"bmp",
					"frames":
					[
						{
							"t":0,
							"v":1,
							"y":-198
						},
						{
							"t":1,
							"v":1,
							"y":-132
						},
						{
							"t":2,
							"v":1,
							"y":-66
						},
						{
							"t":3,
							"v":1
						}
					]
				}
			]
		},
		{
			"name":"countdown",
			"type":"mc",
			"scripts":
			[
				{
					"t":0,
					"c":"stop"
				}
			],
			"frameCount":30,
			"children":
			[
				{
					"name":"countdown_digit",
					"type":"mc",
					"frames":
					[
						{
							"t":0,
							"v":0
						},
						{
							"t":1,
							"v":1,
							"ease":100,
							"x":-430,
							"y":-105,
							"sx":14.9987,
							"sy":14.9987,
							"a":0
						},
						{
							"t":5,
							"v":1,
							"ease":0,
							"x":-95,
							"y":280,
							"sx":3,
							"sy":3
						},
						{
							"t":23,
							"v":1,
							"ease":-100,
							"x":-78.5,
							"y":296.5,
							"sx":2.4999,
							"sy":2.4999
						},
						{
							"t":29,
							"v":1,
							"y":375,
							"sx":0.1,
							"sy":0.1
						}
					]
				},
				{
					"name":"glowrays",
					"type":"mc",
					"frames":
					[
						{
							"t":0,
							"v":0
						},
						{
							"t":1,
							"v":1,
							"ease":100,
							"y":375,
							"sx":0.1,
							"sy":0.1
						},
						{
							"t":5,
							"v":1,
							"ease":100,
							"y":375,
							"sx":1.5,
							"sy":1.5
						},
						{
							"t":13,
							"v":1,
							"y":375,
							"sx":2.5,
							"sy":2.5,
							"a":0
						},
						{
							"t":14,
							"v":0
						}
					]
				}
			]
		},
		{
			"name":"_hud",
			"type":"mc",
			"frameCount":1,
			"children":
			[
				{
					"name":"icon_oneup",
					"type":"mc",
					"frames":
					[
						{
							"t":0,
							"v":1,
							"x":540,
							"y":200
						}
					]
				},
				{
					"name":"standard_bricks",
					"type":"mc",
					"frames":
					[
						{
							"t":0,
							"v":1,
							"y":50
						}
					]
				},
				{
					"name":"golden_bricks",
					"type":"mc",
					"frames":
					[
						{
							"t":0,
							"v":1,
							"x":1080,
							"y":50
						}
					]
				},
				{
					"name":"distance",
					"type":"mc",
					"frames":
					[
						{
							"t":0,
							"v":1,
							"y":1750
						}
					]
				},
				{
					"name":"icon_golden_brick",
					"type":"mc",
					"frames":
					[
						{
							"t":0,
							"v":1,
							"x":540
						}
					]
				},
				{
					"name":"icon_magnet",
					"type":"mc",
					"frames":
					[
						{
							"t":0,
							"v":1,
							"x":540
						}
					]
				},
				{
					"name":"icon_hourglass",
					"type":"mc",
					"frames":
					[
						{
							"t":0,
							"v":1,
							"x":540
						}
					]
				},
				{
					"name":"icon_vehicle",
					"type":"mc",
					"frames":
					[
						{
							"t":0,
							"v":1,
							"x":540
						}
					]
				},
				{
					"name":"button_pause",
					"type":"mc",
					"frames":
					[
						{
							"t":0,
							"v":1,
							"x":949,
							"y":1775
						}
					]
				},
				{
					"name":"result_buttons",
					"type":"mc",
					"frames":
					[
						{
							"t":0,
							"v":1,
							"x":540,
							"y":1460
						}
					]
				},
				{
					"name":"result_screen",
					"type":"mc",
					"frames":
					[
						{
							"t":0,
							"v":1,
							"x":540,
							"y":960
						}
					]
				},
				{
					"name":"result_intro",
					"type":"mc",
					"frames":
					[
						{
							"t":0,
							"v":1,
							"x":540,
							"y":960
						}
					]
				},
				{
					"name":"countdown",
					"type":"mc",
					"frames":
					[
						{
							"t":0,
							"v":1,
							"x":540,
							"y":960
						}
					]
				}
			]
		}
	],
	"tex":
	{
		"frames":
		[
			{
				"filename":"100px_white.png",
				"frame":
				{
					"x":1946,
					"y":665,
					"w":100,
					"h":100
				},
				"rotated":false,
				"trimmed":false
			},
			{
				"filename":"Band_Left.png",
				"frame":
				{
					"x":558,
					"y":1461,
					"w":354,
					"h":117
				},
				"rotated":false,
				"trimmed":false
			},
			{
				"filename":"Band_Right.png",
				"frame":
				{
					"x":1593,
					"y":1322,
					"w":357,
					"h":143
				},
				"rotated":false,
				"trimmed":false
			},
			{
				"filename":"BoulderBlaster.png",
				"frame":
				{
					"x":584,
					"y":993,
					"w":349,
					"h":186
				},
				"rotated":false,
				"trimmed":false
			},
			{
				"filename":"Digits.png",
				"frame":
				{
					"x":1959,
					"y":2,
					"w":58,
					"h":661
				},
				"rotated":false,
				"trimmed":false
			},
			{
				"filename":"Golden_Brick.png",
				"frame":
				{
					"x":975,
					"y":1158,
					"w":130,
					"h":127
				},
				"rotated":false,
				"trimmed":false
			},
			{
				"filename":"Hourglass_00.png",
				"frame":
				{
					"x":1655,
					"y":662,
					"w":289,
					"h":328
				},
				"rotated":false,
				"trimmed":false
			},
			{
				"filename":"Hourglass_01.png",
				"frame":
				{
					"x":293,
					"y":663,
					"w":289,
					"h":328
				},
				"rotated":false,
				"trimmed":false
			},
			{
				"filename":"Hourglass_02.png",
				"frame":
				{
					"x":584,
					"y":663,
					"w":289,
					"h":328
				},
				"rotated":false,
				"trimmed":false
			},
			{
				"filename":"Hourglass_03.png",
				"frame":
				{
					"x":875,
					"y":663,
					"w":289,
					"h":328
				},
				"rotated":false,
				"trimmed":false
			},
			{
				"filename":"Hourglass_04.png",
				"frame":
				{
					"x":2,
					"y":821,
					"w":289,
					"h":328
				},
				"rotated":false,
				"trimmed":false
			},
			{
				"filename":"Hourglass_05.png",
				"frame":
				{
					"x":1166,
					"y":992,
					"w":289,
					"h":328
				},
				"rotated":false,
				"trimmed":false
			},
			{
				"filename":"Hourglass_06.png",
				"frame":
				{
					"x":1457,
					"y":992,
					"w":289,
					"h":328
				},
				"rotated":false,
				"trimmed":false
			},
			{
				"filename":"Magnet_00.png",
				"frame":
				{
					"x":1375,
					"y":332,
					"w":289,
					"h":328
				},
				"rotated":false,
				"trimmed":false
			},
			{
				"filename":"Magnet_01.png",
				"frame":
				{
					"x":1666,
					"y":332,
					"w":289,
					"h":328
				},
				"rotated":false,
				"trimmed":false
			},
			{
				"filename":"Magnet_02.png",
				"frame":
				{
					"x":491,
					"y":333,
					"w":289,
					"h":328
				},
				"rotated":false,
				"trimmed":false
			},
			{
				"filename":"Magnet_03.png",
				"frame":
				{
					"x":782,
					"y":333,
					"w":289,
					"h":328
				},
				"rotated":false,
				"trimmed":false
			},
			{
				"filename":"Magnet_04.png",
				"frame":
				{
					"x":1073,
					"y":333,
					"w":289,
					"h":328
				},
				"rotated":false,
				"trimmed":false
			},
			{
				"filename":"Magnet_05.png",
				"frame":
				{
					"x":2,
					"y":491,
					"w":289,
					"h":328
				},
				"rotated":false,
				"trimmed":false
			},
			{
				"filename":"Magnet_06.png",
				"frame":
				{
					"x":1364,
					"y":662,
					"w":289,
					"h":328
				},
				"rotated":false,
				"trimmed":false
			},
			{
				"filename":"New_Record",
				"frame":
				{
					"x":1355,
					"y":1467,
					"w":320,
					"h":70
				},
				"rotated":false,
				"trimmed":false
			},
			{
				"filename":"Pause.png",
				"frame":
				{
					"x":354,
					"y":1427,
					"w":202,
					"h":230
				},
				"rotated":false,
				"trimmed":false
			},
			{
				"filename":"Standard_Brick.png",
				"frame":
				{
					"x":1946,
					"y":767,
					"w":83,
					"h":78
				},
				"rotated":false,
				"trimmed":false
			},
			{
				"filename":"Star.png",
				"frame":
				{
					"x":1166,
					"y":828,
					"w":140,
					"h":141
				},
				"rotated":false,
				"trimmed":false
			},
			{
				"filename":"SupercarBG_00.png",
				"frame":
				{
					"x":1748,
					"y":992,
					"w":289,
					"h":328
				},
				"rotated":false,
				"trimmed":false
			},
			{
				"filename":"SupercarBG_01.png",
				"frame":
				{
					"x":293,
					"y":993,
					"w":289,
					"h":328
				},
				"rotated":false,
				"trimmed":false
			},
			{
				"filename":"SupercarBG_02.png",
				"frame":
				{
					"x":1375,
					"y":2,
					"w":290,
					"h":328
				},
				"rotated":false,
				"trimmed":false
			},
			{
				"filename":"SupercarBG_03.png",
				"frame":
				{
					"x":1667,
					"y":2,
					"w":290,
					"h":328
				},
				"rotated":false,
				"trimmed":false
			},
			{
				"filename":"SupercarBG_04.png",
				"frame":
				{
					"x":1083,
					"y":2,
					"w":290,
					"h":329
				},
				"rotated":false,
				"trimmed":false
			},
			{
				"filename":"SupercarBG_05.png",
				"frame":
				{
					"x":491,
					"y":2,
					"w":294,
					"h":329
				},
				"rotated":false,
				"trimmed":false
			},
			{
				"filename":"SupercarBG_06.png",
				"frame":
				{
					"x":787,
					"y":2,
					"w":294,
					"h":329
				},
				"rotated":false,
				"trimmed":false
			},
			{
				"filename":"You_did_it!",
				"frame":
				{
					"x":2,
					"y":1323,
					"w":480,
					"h":102
				},
				"rotated":false,
				"trimmed":false
			},
			{
				"filename":"btn_home.png",
				"frame":
				{
					"x":1208,
					"y":1461,
					"w":145,
					"h":164
				},
				"rotated":false,
				"trimmed":false
			},
			{
				"filename":"btn_home_glow.png",
				"frame":
				{
					"x":293,
					"y":491,
					"w":147,
					"h":163
				},
				"rotated":false,
				"trimmed":false
			},
			{
				"filename":"btn_next.png",
				"frame":
				{
					"x":914,
					"y":1461,
					"w":145,
					"h":164
				},
				"rotated":false,
				"trimmed":false
			},
			{
				"filename":"btn_next_glow.png",
				"frame":
				{
					"x":1166,
					"y":663,
					"w":147,
					"h":163
				},
				"rotated":false,
				"trimmed":false
			},
			{
				"filename":"btn_retry.png",
				"frame":
				{
					"x":1061,
					"y":1461,
					"w":145,
					"h":164
				},
				"rotated":false,
				"trimmed":false
			},
			{
				"filename":"btn_retry_glow.png",
				"frame":
				{
					"x":935,
					"y":993,
					"w":147,
					"h":163
				},
				"rotated":false,
				"trimmed":false
			},
			{
				"filename":"fail_txt.png",
				"frame":
				{
					"x":2,
					"y":1427,
					"w":350,
					"h":133
				},
				"rotated":false,
				"trimmed":false
			},
			{
				"filename":"flag.png",
				"frame":
				{
					"x":1946,
					"y":847,
					"w":57,
					"h":70
				},
				"rotated":false,
				"trimmed":false
			},
			{
				"filename":"glow_rays.png",
				"frame":
				{
					"x":2,
					"y":2,
					"w":487,
					"h":487
				},
				"rotated":false,
				"trimmed":false
			},
			{
				"filename":"multiply.png",
				"frame":
				{
					"x":1946,
					"y":919,
					"w":55,
					"h":47
				},
				"rotated":false,
				"trimmed":false
			},
			{
				"filename":"oneup_bg.png",
				"frame":
				{
					"x":2,
					"y":1151,
					"w":145,
					"h":165
				},
				"rotated":false,
				"trimmed":false
			},
			{
				"filename":"oneup_cole.png",
				"frame":
				{
					"x":149,
					"y":1151,
					"w":119,
					"h":148
				},
				"rotated":false,
				"trimmed":false
			},
			{
				"filename":"red_brush.png",
				"frame":
				{
					"x":584,
					"y":1322,
					"w":618,
					"h":137
				},
				"rotated":false,
				"trimmed":false
			},
			{
				"filename":"result_bg.png",
				"frame":
				{
					"x":1204,
					"y":1322,
					"w":387,
					"h":137
				},
				"rotated":false,
				"trimmed":false
			},
			{
				"filename":"total_bg.png",
				"frame":
				{
					"x":584,
					"y":1181,
					"w":389,
					"h":137
				},
				"rotated":false,
				"trimmed":false
			}
		]
	}
}